Id,Name,GroupName,Class,Variant,Tonnage,BattleValue,Technology,Cost,Rules,TROId,TRO,RSId,RS,EraIcon,DateIntroduced,EraId,EraStart,ImageUrl,IsFeatured,IsPublished,Release,Type,Role,BFType,BFSize,BFMove,BFTMM,BFArmor,BFStructure,BFThreshold,BFDamageShort,BFDamageShortMin,BFDamageMedium,BFDamageMediumMin,BFDamageLong,BFDamageLongMin,BFDamageExtreme,BFDamageExtemeMin,BFOverheat,BFPointValue,BFAbilities,Skill,FormatedTonnage,Production Era
7396,Hornet HNT-181,,Hornet,HNT-181,20,398,Inner Sphere,1993900,Experimental,415,XTR:RotS 2,192,None,https://i.ibb.co/VtCdwyP/era06-republic-dark-age.png,3130,254,3101,https://i.ibb.co/pvb1j2M/hornet-3050u.png,True,True,1.0,BattleMech,Striker,BM,1,"10""j",0,2,1,0,2,False,1,False,0,True,0,False,0,14,"CASE,IF0*",0,20,late-republic
8124,Stinger STG-6R,,Stinger,STG-6R,20,454,Inner Sphere,0,Standard,539,RGv1,471,RG13,https://i.ibb.co/VtCdwyP/era06-republic-dark-age.png,3120,254,3101,https://i.ibb.co/0KwFP6Y/stinger-rg.png,True,True,1.0,BattleMech,Scout,BM,1,"16""j",0,2,1,0,2,False,1,False,0,False,0,False,0,18,,0,20,late-republic
6949,Wasp WSP-3K,,Wasp,WSP-3K,20,477,Inner Sphere,4353120,Standard,440,TR:3145,536,RS:3145,https://i.ibb.co/VtCdwyP/era06-republic-dark-age.png,3110,254,3101,https://i.ibb.co/rkZXR1P/wasp-3l-pp.png,False,True,1.0,BattleMech,Scout,BM,1,"12""j",0,2,1,0,2,False,2,False,0,False,0,False,0,17,,0,20,late-republic
8125,Stinger STG-6G,,Stinger,STG-6G,20,503,Inner Sphere,0,Standard,539,RGv1,471,RG13,https://i.ibb.co/VtCdwyP/era06-republic-dark-age.png,3103,254,3101,https://i.ibb.co/0KwFP6Y/stinger-rg.png,True,True,1.0,BattleMech,Scout,BM,1,"14""j",0,2,1,0,2,False,1,False,0,False,0,False,0,18,,0,20,late-republic
7343,Hornet HNT-182,,Hornet,HNT-182,20,505,Inner Sphere,2046400,Experimental,415,XTR:RotS 2,415,XTR:RotS 2,https://i.ibb.co/VtCdwyP/era06-republic-dark-age.png,3130,254,3101,https://i.ibb.co/pvb1j2M/hornet-3050u.png,True,True,1.0,BattleMech,Striker,BM,1,"10""j",0,2,1,0,2,False,2,False,0,True,0,False,0,17,"CASE,IF0*",0,20,late-republic
7495,Wasp WSP-5A,,Wasp,WSP-5A,20,517,Inner Sphere,3192640,Standard,539,RGv1,432,RG04,https://i.ibb.co/VtCdwyP/era06-republic-dark-age.png,3114,254,3101,https://i.ibb.co/0XxvcQF/wasp-rg.png,True,True,1.0,BattleMech,Scout,BM,1,"16""j",0,2,1,0,1,False,1,False,0,False,0,False,0,17,CASEII,0,20,late-republic
8201,Locust LCT-7V,,Locust,LCT-7V,20,585,Inner Sphere,0,Standard,539,RGv1,474,RG16,https://i.ibb.co/VtCdwyP/era06-republic-dark-age.png,3102,254,3101,https://i.ibb.co/J2R4dnD/locust-rg.png,True,True,1.0,BattleMech,Scout,BM,1,"20""",0,2,1,0,2,False,2,False,0,False,0,False,0,25,,0,20,late-republic
8202,Locust LCT-7V2,,Locust,LCT-7V2,20,634,Inner Sphere,0,Standard,539,RGv1,474,RG16,https://i.ibb.co/VtCdwyP/era06-republic-dark-age.png,3112,254,3101,https://i.ibb.co/J2R4dnD/locust-rg.png,False,True,1.0,BattleMech,Sniper,BM,1,"20""",0,2,1,0,1,False,2,False,1,False,0,False,0,25,ENE,0,20,late-republic
8200,Locust LCT-7S,,Locust,LCT-7S,20,706,Mixed,0,Standard,539,RGv1,474,RG16,https://i.ibb.co/VtCdwyP/era06-republic-dark-age.png,3128,254,3101,https://i.ibb.co/J2R4dnD/locust-rg.png,True,True,1.0,BattleMech,Scout,BM,1,"24""",0,2,1,0,2,False,1,False,0,False,0,False,0,21,CASE,0,20,late-republic
7879,Snow Fox (Omni) A,,Snow Fox (Omni),A,20,831,Clan,3515000,Standard,461,OTP:HC,461,OTP:HC,https://i.ibb.co/VtCdwyP/era06-republic-dark-age.png,3111,254,3101,https://i.ibb.co/Brn6ywT/snow-fox-3060.png,False,True,1.0,BattleMech,Striker,BM,1,"20""",0,2,1,0,2,False,1,False,1,False,0,False,0,23,"CASE,HT1/-/-,IF1,OMNI",0,20,late-republic
7582,Dasher (Fire Moth) R,,Dasher (Fire Moth),R,20,1160,Mixed,5038675,Standard,438,RG08,438,RG08,https://i.ibb.co/VtCdwyP/era06-republic-dark-age.png,3110,254,3101,https://i.ibb.co/NVCWgzM/dasher-fire-moth-rg.png,False,True,1.0,BattleMech,Scout,BM,1,"26""",0,1,1,0,3,False,3,False,0,False,0,False,0,32,"C3S,CASE,ECM,MHQ1,OMNI",0,20,late-republic
7580,Dasher (Fire Moth) M,,Dasher (Fire Moth),M,20,1200,Clan,3977800,Standard,438,RG08,438,RG08,https://i.ibb.co/VtCdwyP/era06-republic-dark-age.png,3110,254,3101,https://i.ibb.co/NVCWgzM/dasher-fire-moth-rg.png,False,True,1.0,BattleMech,Striker,BM,1,"26""",0,1,1,0,3,False,3,False,1,False,0,False,0,30,"CASE,IF1,OMNI",0,20,late-republic
7880,Snow Fox (Omni) B,,Snow Fox (Omni),B,20,1249,Clan,3605000,Standard,461,OTP:HC,461,OTP:HC,https://i.ibb.co/VtCdwyP/era06-republic-dark-age.png,3111,254,3101,https://i.ibb.co/Brn6ywT/snow-fox-3060.png,False,True,1.0,BattleMech,Sniper,BM,1,"20""",0,2,1,0,2,False,2,False,1,False,0,False,0,26,"ENE,OMNI",0,20,late-republic
7878,Snow Fox (Omni) Prime,,Snow Fox (Omni),Prime,20,1464,Clan,4190000,Standard,461,OTP:HC,461,OTP:HC,https://i.ibb.co/VtCdwyP/era06-republic-dark-age.png,3111,254,3101,https://i.ibb.co/Brn6ywT/snow-fox-3060.png,False,True,1.0,BattleMech,Scout,BM,1,"20""",0,2,1,0,3,False,3,False,0,False,0,False,0,36,"ECM,ENE,OMNI,PRB,RCN",0,20,late-republic
7721,Hermit Crab HMC-13,,Hermit Crab,HMC-13,25,731,Inner Sphere,2244583,Standard,454,RG10,454,RG10,https://i.ibb.co/VtCdwyP/era06-republic-dark-age.png,3104,254,3101,https://i.ibb.co/f1ddYwr/hermit-crab-rg.png,True,True,1.0,BattleMech,Scout,BM,1,"14""j",0,3,2,0,1,False,1,False,0,False,0,False,0,22,ENE,0,25,late-republic
7723,Hermit Crab HMC-15,,Hermit Crab,HMC-15,25,742,Inner Sphere,2163333,Standard,454,RG10,454,RG10,https://i.ibb.co/VtCdwyP/era06-republic-dark-age.png,3108,254,3101,https://i.ibb.co/f1ddYwr/hermit-crab-rg.png,False,True,1.0,BattleMech,Striker,BM,1,"14""",0,3,2,0,1,False,1,False,1,False,0,False,0,22,ENE,0,25,late-republic
6945,Commando COM-8S,,Commando,COM-8S,25,775,Inner Sphere,6199583,Advanced,440,TR:3145,536,RS:3145,https://i.ibb.co/VtCdwyP/era06-republic-dark-age.png,3108,254,3101,https://i.ibb.co/tcxdcYf/commando-rg.png,False,True,1.0,BattleMech,Striker,BM,1,"18""",0,2,1,0,2,False,2,False,0,False,0,False,0,25,"C3BSS,CASEII,MHQ2",0,25,late-republic
6941,Tarantula ZPH-5A,,Tarantula,ZPH-5A,25,806,Inner Sphere,4210417,Advanced,440,TR:3145,536,RS:3145,https://i.ibb.co/VtCdwyP/era06-republic-dark-age.png,3111,254,3101,https://i.ibb.co/T1SqYSL/tarantula-3055u.png,False,True,1.0,BattleMech,Scout,BM,1,"20""",0,3,1,0,1,False,1,False,1,False,0,False,0,27,"C3BSS,ENE,MHQ2",0,25,late-republic
7722,Hermit Crab HMC-14,,Hermit Crab,HMC-14,25,844,Inner Sphere,2313333,Standard,454,RG10,454,RG10,https://i.ibb.co/VtCdwyP/era06-republic-dark-age.png,3108,254,3101,https://i.ibb.co/f1ddYwr/hermit-crab-rg.png,False,True,1.0,BattleMech,Striker,BM,1,"14""/12""j",0,3,2,0,2,False,2,False,0,False,0,False,0,27,"ENE,JMPW1",0,25,late-republic
7560,Koshi (Mist Lynx) L,,Koshi (Mist Lynx),L,25,901,Clan,5063542,Standard,442,RG07,442,RG07,https://i.ibb.co/VtCdwyP/era06-republic-dark-age.png,3124,254,3101,https://i.ibb.co/9vCM3CW/koshi-mist-lynx-rg.png,False,True,1.0,BattleMech,Scout,BM,1,"14""/12""j",0,2,1,0,3,False,3,False,0,False,0,False,0,32,"CASE,ECM,JMPW1,OMNI,PRB,RCN",0,25,late-republic
7559,Koshi (Mist Lynx) K,,Koshi (Mist Lynx),K,25,976,Clan,4750339,Standard,442,RG07,442,RG07,https://i.ibb.co/VtCdwyP/era06-republic-dark-age.png,3112,254,3101,https://i.ibb.co/9vCM3CW/koshi-mist-lynx-rg.png,False,True,1.0,BattleMech,Scout,BM,1,"14""/12""j",0,2,1,0,2,False,2,False,0,False,0,False,0,25,"CASE,JMPW1,OMNI,PRB,RCN",0,25,late-republic
7724,Mongoose MON-96,,Mongoose,MON-96,25,1011,Inner Sphere,6745104,Standard,454,RG10,454,RG10,https://i.ibb.co/VtCdwyP/era06-republic-dark-age.png,3129,254,3101,https://i.ibb.co/WvKsqBs/mongoose-rg.png,True,True,1.0,BattleMech,Scout,BM,1,"20""",0,3,2,0,2,False,2,False,0,False,0,False,0,35,"BH,ENE,RCN",0,25,late-republic
8180,Fire Falcon G,,Fire Falcon,G,25,1269,Clan,0,Standard,473,RG15,473,RG15,https://i.ibb.co/VtCdwyP/era06-republic-dark-age.png,3113,254,3101,https://i.ibb.co/TtnSQ7D/fire-falcon-rg.png,False,True,1.0,BattleMech,Striker,BM,1,"20""",0,3,1,0,2,False,2,False,0,False,0,False,0,29,"CASE,OMNI",0,25,late-republic
7558,Koshi (Mist Lynx) J,,Koshi (Mist Lynx),J,25,1704,Clan,7722526,Standard,442,RG07,442,RG07,https://i.ibb.co/VtCdwyP/era06-republic-dark-age.png,3107,254,3101,https://i.ibb.co/9vCM3CW/koshi-mist-lynx-rg.png,False,True,1.0,BattleMech,Sniper,BM,1,"18""/12""j",0,2,1,0,3,False,3,False,2,False,0,False,0,32,"CASE,JMPW1,OMNI,PRB,RCN",0,25,late-republic
6942,Ebony MEB-12,,Ebony,MEB-12,25,1837,Inner Sphere,6085833,Advanced,440,TR:3145,536,RS:3145,https://i.ibb.co/VtCdwyP/era06-republic-dark-age.png,3118,254,3101,https://i.ibb.co/tDcpSdz/ebony-3085.png,False,True,1.0,BattleMech,Scout,BM,1,"20""",0,3,1,0,0,False,0,False,0,False,0,False,0,27,"ECM,STL,TSEMP1,TSM",0,25,late-republic
6938,Javelin JVN-11P,,Javelin,JVN-11P,30,680,Inner Sphere,2348840,Standard,440,TR:3145,536,RS:3145,https://i.ibb.co/VtCdwyP/era06-republic-dark-age.png,3101,254,3101,https://i.ibb.co/VLykXhJ/javelin-rg.png,False,True,1.0,BattleMech,Striker,BM,1,"12""j",0,3,3,0,2,False,2,False,0,False,0,False,0,22,,0,30,late-republic
8104,Valkyrie VLK-QD5,,Valkyrie,VLK-QD5,30,690,Mixed,0,Advanced,470,XTR:Caveat,470,XTR:Caveat,https://i.ibb.co/VtCdwyP/era06-republic-dark-age.png,3101,254,3101,"https://i.ibb.co/kqNnHLK/valkyrie-alt-rg.png
",True,True,1.0,BattleMech,Missile Boat,BM,1,"10""j",0,3,1,0,3,False,2,False,1,False,0,False,0,21,"CASE,IF0*",0,30,late-republic
6933,Spider SDR-8Xr,,Spider,SDR-8Xr,30,754,Inner Sphere,5164965,Advanced,440,TR:3145,536,RS:3145,https://i.ibb.co/VtCdwyP/era06-republic-dark-age.png,3103,254,3101,https://i.ibb.co/GvNrBYH/spider-3085.png,False,True,1.0,BattleMech,Scout,BM,1,"16""/20""j",0,3,1,0,2,False,2,False,0,False,0,False,0,28,"ENE,JMPS1,MEL",0,30,late-republic
6930,Valkyrie VLK-QD8,,Valkyrie,VLK-QD8,30,787,Inner Sphere,6560320,Standard,440,TR:3145,536,RS:3145,https://i.ibb.co/VtCdwyP/era06-republic-dark-age.png,3102,254,3101,https://i.ibb.co/1svhHPW/valkyrie-qd1-pp.png,False,True,1.0,BattleMech,Missile Boat,BM,1,"12""j",0,3,1,0,1,False,2,False,2,False,0,False,0,21,IF1,0,30,late-republic
9461,Javelin JVN-12N,,Javelin,JVN-12N,30,795,Mixed,0,Standard,522,RG31,522,RG31,https://i.ibb.co/VtCdwyP/era06-republic-dark-age.png,3121,254,3101,https://i.ibb.co/VLykXhJ/javelin-rg.png,True,True,1.0,BattleMech,Scout,BM,1,"16""j",0,3,1,0,2,False,2,False,0,False,0,False,0,26,"CASEII,SRM2/2,TAG",0,30,late-republic
7702,Valkyrie VLK-QDD,,Valkyrie,VLK-QDD,30,834,Inner Sphere,3939520,Standard,539,RGv1,453,RG09,https://i.ibb.co/VtCdwyP/era06-republic-dark-age.png,3106,254,3101,https://i.ibb.co/FYf5ZmT/valkyrie-rg.png,True,True,1.0,BattleMech,Missile Boat,BM,1,"12""j",0,4,2,0,1,False,2,False,1,False,0,False,0,24,"CASE,IF1",0,30,late-republic
7344,UrbanMech UM-R93,,UrbanMech,UM-R93,30,894,Inner Sphere,1916525,Advanced,415,XTR:RotS 2,532,RSFP:Urbies,https://i.ibb.co/VtCdwyP/era06-republic-dark-age.png,3130,254,3101,https://i.ibb.co/yPv4pnB/urbanmech-rg.png,True,True,1.0,BattleMech,Ambusher,BM,1,"2""/4""j",0,6,3,0,2,False,2,False,0,False,0,False,0,17,"CR,ENE",0,30,late-republic
6453,Anubis ABS-5Y,,Anubis,ABS-5Y,30,1042,Inner Sphere,5138900,Standard,514,TR:DA,535,RS:DA,https://i.ibb.co/VtCdwyP/era06-republic-dark-age.png,3121,254,3101,https://i.ibb.co/vxJtm0v/anubis-3150.png,True,True,1.0,BattleMech,Missile Boat,BM,1,"14""",0,3,1,0,1,False,2,False,2,False,0,False,0,30,"ECM,IF1,STL",0,30,late-republic
6454,Anubis ABS-5Z,,Anubis,ABS-5Z,30,1066,Inner Sphere,5274100,Standard,514,TR:DA,535,RS:DA,https://i.ibb.co/VtCdwyP/era06-republic-dark-age.png,3124,254,3101,https://i.ibb.co/vxJtm0v/anubis-3150.png,False,True,1.0,BattleMech,Striker,BM,1,"14""",0,3,1,0,3,False,3,False,0,False,0,False,0,34,"ECM,STL,TAG",0,30,late-republic
6931,Uller (Kit Fox) R,,Uller (Kit Fox),R,30,1232,Clan,5200000,Standard,455,RG11,455,RG11,https://i.ibb.co/VtCdwyP/era06-republic-dark-age.png,3121,254,3101,https://i.ibb.co/brWWLTp/uller-kit-fox-rg.png,False,True,1.0,BattleMech,Striker,BM,1,"12""",0,3,2,0,3,False,3,False,2,False,0,False,0,26,"CASE,OMNI",0,30,late-republic
8008,Vixen (Incubus) 6,,Vixen (Incubus),6,30,1599,Clan,0,Experimental,441,TR:3150,467,RS:3150,https://i.ibb.co/VtCdwyP/era06-republic-dark-age.png,3113,254,3101,https://i.ibb.co/k4kx8Bc/vixen-incubus-pp.png,False,True,1.0,BattleMech,Brawler,BM,1,"18""",0,4,1,0,3,False,2,False,2,False,0,False,1,33,"CASE, MEL",0,30,late-republic
6939,Hellion G,,Hellion,G,30,1614,Mixed,7635550,Advanced,536,RS:3145,536,RS:3145,https://i.ibb.co/VtCdwyP/era06-republic-dark-age.png,3119,254,3101,https://i.ibb.co/bK0jHqK/hellion-rg.png,False,True,1.2,BattleMech,Striker,BM,1,"18""",0,4,2,0,4,False,4,False,1,False,0,False,0,43,"CASE,IF1,OMNI,TSEMP-O1",0,30,late-republic
8327,Hellion P,,Hellion,P,30,1685,Clan,0,Standard,490,RG20,490,RG20,https://i.ibb.co/VtCdwyP/era06-republic-dark-age.png,3124,254,3101,https://i.ibb.co/bK0jHqK/hellion-rg.png,False,True,1.2,BattleMech,Striker,BM,1,"22""",0,4,2,0,5,False,3,False,0,False,0,False,0,46,"CASE,ECM,OMNI,TAG",0,30,late-republic
6932,Uller (Kit Fox) I,,Uller (Kit Fox),I,30,1936,Clan,8840244,Standard,536,RS:3145,536,RS:3145,https://i.ibb.co/VtCdwyP/era06-republic-dark-age.png,3101,254,3101,https://i.ibb.co/brWWLTp/uller-kit-fox-rg.png,False,True,1.0,BattleMech,Brawler,BM,1,"14""",0,5,2,0,3,False,3,False,2,False,0,False,0,40,"ENE,OMNI",0,30,late-republic
6617,Storm Raider STM-R4,,Storm Raider,STM-R4,35,732,Inner Sphere,5399460,Advanced,514,TR:DA,535,RS:DA,https://i.ibb.co/VtCdwyP/era06-republic-dark-age.png,3108,254,3101,https://i.ibb.co/1szqLhW/storm-raider-3145.png,False,True,1.0,BattleMech,Scout,BM,1,"12""",0,4,2,0,1,False,1,False,1,False,0,False,0,20,"CASEII,IRA,MEL",0,35,late-republic
6609,Firestarter FS9-M2,,Firestarter,FS9-M2,35,751,Inner Sphere,3218400,Standard,440,TR:3145,536,RS:3145,https://i.ibb.co/VtCdwyP/era06-republic-dark-age.png,3101,254,3101,https://i.ibb.co/gzCcQgZ/firestarter-3145.png,True,True,1.0,BattleMech,Scout,BM,1,"12""j",0,4,3,0,2,False,1,False,0,False,0,False,0,23,"ENE,HT2/-/-",0,35,late-republic
6614,Storm Raider STM-R3,,Storm Raider,STM-R3,35,791,Inner Sphere,5662710,Standard,514,TR:DA,535,RS:DA,https://i.ibb.co/VtCdwyP/era06-republic-dark-age.png,3106,254,3101,https://i.ibb.co/1szqLhW/storm-raider-3145.png,True,True,1.0,BattleMech,Scout,BM,1,"16""",0,4,2,0,1,False,1,False,1,False,0,False,0,27,"CASE,MEL",0,35,late-republic
6611,Firestarter FS9-M4,,Firestarter,FS9-M4,35,798,Inner Sphere,5303475,Standard,440,TR:3145,536,RS:3145,https://i.ibb.co/VtCdwyP/era06-republic-dark-age.png,3109,254,3101,https://i.ibb.co/gzCcQgZ/firestarter-3145.png,False,True,1.0,BattleMech,Scout,BM,1,"12""j",0,4,2,0,2,False,1,False,1,False,0,False,0,22,HT1/-/-,0,35,late-republic
8007,Venom SDR-9KE,,Venom,SDR-9KE,35,803,Inner Sphere,0,Advanced,441,TR:3150,467,RS:3150,https://i.ibb.co/VtCdwyP/era06-republic-dark-age.png,3108,254,3101,https://i.ibb.co/59Zww76/venom-3055u.png,False,True,1.0,BattleMech,Scout,BM,1,"16""/20""j",0,3,2,0,1,False,1,False,0,False,0,False,0,37,"BH,ENE,JMPS1,MDS8,RCN,RSD1,TAG",0,35,late-republic
6610,Firestarter FS9-M3,,Firestarter,FS9-M3,35,866,Inner Sphere,3836363,Standard,440,TR:3145,536,RS:3145,https://i.ibb.co/VtCdwyP/era06-republic-dark-age.png,3104,254,3101,https://i.ibb.co/gzCcQgZ/firestarter-3145.png,False,True,1.0,BattleMech,Scout,BM,1,"16""/12""j",0,4,3,0,2,False,1,False,0,False,0,False,0,30,"ENE,HT1/-/-,TAG,JMPW1",0,35,late-republic
7992,Hollander BZK-G2,,Hollander,BZK-G2,35,895,Inner Sphere,0,Standard,441,TR:3150,467,RS:3150,https://i.ibb.co/VtCdwyP/era06-republic-dark-age.png,3121,254,3101,https://i.ibb.co/fD8dwsZ/hollander-3055u.png,False,True,1.0,BattleMech,Sniper,BM,1,"12""",0,4,3,0,1,False,1,False,1,False,0,False,0,20,,0,35,late-republic
9249,Toro TR-B-9,,Toro,TR-B-9,35,915,Inner Sphere,0,Standard,513,Shrap10,464,ShrapRS,https://i.ibb.co/VtCdwyP/era06-republic-dark-age.png,3108,254,3101,https://i.ibb.co/VvFrYJS/toro-3075.png,True,True,1.0,BattleMech,Brawler,BM,1,"10""",0,4,3,0,2,False,2,False,2,False,0,False,0,28,"CASE,ECM,IF1",0,35,late-republic
7881,Cazador  ,,Cazador, ,35,921,Clan,5151780,Standard,461,OTP:HC,461,OTP:HC,https://i.ibb.co/VtCdwyP/era06-republic-dark-age.png,3102,254,3101,https://i.ibb.co/prFyT1W/reptar-isp3.png,False,True,1.0,BattleMech,Striker,BM,1,"12""",0,3,3,0,2,False,2,False,1,False,0,False,0,22,"CASE,FLK1/1/1",0,35,late-republic
7524,Raven RVN-5L,,Raven,RVN-5L,35,1035,Inner Sphere,7983000,Standard,434,RG06,434,RG06,https://i.ibb.co/VtCdwyP/era06-republic-dark-age.png,3125,254,3101,https://i.ibb.co/2KvPD39/raven-rg.png,True,True,1.0,BattleMech,Scout,BM,1,"16""",0,3,2,0,2,False,2,False,0,False,0,False,0,33,"AECM,INARC,STL,TAG",0,35,late-republic
7345,Blade BLD-XR,,Blade,BLD-XR,35,1101,Inner Sphere,6286500,Advanced,415,XTR:RotS 2,415,XTR:RotS 2,https://i.ibb.co/VtCdwyP/era06-republic-dark-age.png,3125,254,3101,https://i.ibb.co/qm6m3wB/blade-xtr.png,True,True,1.0,BattleMech,Sniper,BM,1,"14""",0,4,2,0,2,False,2,False,2,False,0,False,0,33,RCA,0,35,late-republic
6333,Hollander III BZK-D1,,Hollander III,BZK-D1,35,1116,Inner Sphere,7879118,Advanced,441,TR:3150,467,RS:3150,https://i.ibb.co/VtCdwyP/era06-republic-dark-age.png,3114,254,3101,https://i.ibb.co/HTRFk46/hollander-iii.png,True,True,1.0,BattleMech,Sniper,BM,1,"12""",0,3,2,0,2,False,2,False,2,False,0,False,0,22,"CASEII,RFA",0,35,late-republic
6391,"Phoenix Hawk L ""Fenikkusu Taka"" PXH-11K2",,"Phoenix Hawk L ""Fenikkusu Taka""",PXH-11K2,35,1233,Inner Sphere,0,Standard,441,TR:3150,467,RS:3150,https://i.ibb.co/VtCdwyP/era06-republic-dark-age.png,3116,254,3101,https://i.ibb.co/Br8w5tx/phoenix-hawk-l-3150.png,False,True,1.0,BattleMech,Striker,BM,1,"12""j",0,3,2,0,3,False,2,False,0,True,0,False,0,22,"CASEII,IF0*",0,35,late-republic
8247,Jenner JR7-N,,Jenner,JR7-N,35,1233,Inner Sphere,0,Standard,476,RG18,476,RG18,https://i.ibb.co/VtCdwyP/era06-republic-dark-age.png,3120,254,3101,https://i.ibb.co/2cQmRWW/jenner-rg.png,True,True,1.0,BattleMech,Striker,BM,1,"14""j",0,4,2,0,3,False,3,False,0,False,0,False,0,38,"CASEII,PRB,RCN",0,35,late-republic
6502,Havoc HVC-P6,,Havoc,HVC-P6,35,1255,Inner Sphere,6722910,Advanced,514,TR:DA,535,RS:DA,https://i.ibb.co/VtCdwyP/era06-republic-dark-age.png,3112,254,3101,https://i.ibb.co/xX6Nb5n/havoc-3145.png,True,True,1.0,BattleMech,Striker,BM,1,"16""/10""j",0,4,2,0,3,False,3,False,0,False,0,False,0,36,"CASEII,JMPW1",0,35,late-republic
6334,Hollander III BZK-D2,,Hollander III,BZK-D2,35,1270,Inner Sphere,7607768,Advanced,441,TR:3150,467,RS:3150,https://i.ibb.co/VtCdwyP/era06-republic-dark-age.png,3115,254,3101,https://i.ibb.co/HTRFk46/hollander-iii.png,False,True,1.0,BattleMech,Sniper,BM,1,"12""",0,3,2,0,2,False,2,False,2,False,0,False,0,22,RFA,0,35,late-republic
7481,Puma (Adder) K,,Puma (Adder),K,35,1281,Clan,7180313,Standard,431,RG03,431,RG03,https://i.ibb.co/VtCdwyP/era06-republic-dark-age.png,3125,254,3101,https://i.ibb.co/Dg4Q4Qq/puma-adder-rg.png,False,True,1.0,BattleMech,Sniper,BM,1,"12""",0,4,2,0,2,False,2,False,2,False,0,False,0,25,"AMS,CASE,OMNI",0,35,late-republic
9375,Spector SPR-6F,,Spector,SPR-6F,35,1476,Mixed,0,Advanced,519,RG28,519,RG28,https://i.ibb.co/VtCdwyP/era06-republic-dark-age.png,3119,254,3101,https://i.ibb.co/gZ1zkJq/spector-rg.png,True,True,1.0,BattleMech,Striker,BM,1,"16""j",0,4,2,0,3,False,3,False,0,False,0,False,1,37,RFA,0,35,late-republic
6390,"Phoenix Hawk L ""Fenikkusu Taka"" PXH-11K",,"Phoenix Hawk L ""Fenikkusu Taka""",PXH-11K,35,1563,Inner Sphere,0,Standard,441,TR:3150,467,RS:3150,https://i.ibb.co/VtCdwyP/era06-republic-dark-age.png,3116,254,3101,https://i.ibb.co/Br8w5tx/phoenix-hawk-l-3150.png,True,True,1.0,BattleMech,Scout,BM,1,"12""j",0,3,2,0,2,False,1,False,0,True,0,False,0,23,"CASE,IF0*,TSEMP1",0,35,late-republic
6335,Hollander III BZK-D3,,Hollander III,BZK-D3,35,1575,Inner Sphere,10466955,Advanced,441,TR:3150,467,RS:3150,https://i.ibb.co/VtCdwyP/era06-republic-dark-age.png,3118,254,3101,https://i.ibb.co/HTRFk46/hollander-iii.png,False,True,1.0,BattleMech,Striker,BM,1,"16""",0,3,2,0,3,False,3,False,2,False,0,False,0,37,"AECM,ENE,RFA",0,35,late-republic
7479,Puma (Adder) I,,Puma (Adder),I,35,1575,Clan,7743938,Standard,431,RG03,431,RG03,https://i.ibb.co/VtCdwyP/era06-republic-dark-age.png,3125,254,3101,https://i.ibb.co/Dg4Q4Qq/puma-adder-rg.png,False,True,1.0,BattleMech,Striker,BM,1,"12""",0,4,2,0,5,False,5,False,0,False,0,False,2,36,"CASE,OMNI,SRM1/1",0,35,late-republic
9252,Tiburon 2,,Tiburon,2,35,1691,Clan,0,Standard,513,Shrap10,464,ShrapRS,https://i.ibb.co/VtCdwyP/era06-republic-dark-age.png,3113,254,3101,https://i.ibb.co/sVcXm8j/tiburon-standard-3145.png,False,True,1.0,BattleMech,Striker,BM,1,"14""",0,4,2,0,6,False,6,False,0,False,0,False,0,55,"CASEII,ECM,LPRB,RCN,WAT",0,35,late-republic
6924,Owens OW-1G,,Owens,OW-1G,35,1761,Mixed,13700531,Advanced,536,RS:3145,536,RS:3145,https://i.ibb.co/VtCdwyP/era06-republic-dark-age.png,3125,254,3101,https://i.ibb.co/GF2vrYL/owens-3058u.png,False,True,1.0,BattleMech,Scout,BM,1,"20""",0,4,2,0,0,False,0,False,0,False,0,False,0,34,"C3S,MHQ1,OMNI,PRB,RCN,TAG,TSEMP1",0,35,late-republic
6613,Jaguar 2,,Jaguar,2,35,1780,Clan,6522300,Standard,514,TR:DA,535,RS:DA,https://i.ibb.co/VtCdwyP/era06-republic-dark-age.png,3123,254,3101,https://i.ibb.co/0BTn75T/jaguar-3150.png,False,True,1.0,BattleMech,Striker,BM,1,"16""",0,4,2,0,5,False,4,False,0,False,0,False,0,44,"CASE,LTAG,PRB,RCN",0,35,late-republic
6612,Jaguar,,Jaguar,,35,1791,Clan,6682950,Advanced,514,TR:DA,535,RS:DA,https://i.ibb.co/VtCdwyP/era06-republic-dark-age.png,3121,254,3101,https://i.ibb.co/0BTn75T/jaguar-3150.png,True,True,1.0,BattleMech,Striker,BM,1,"16""",0,4,2,0,4,False,4,False,1,False,0,False,1,42,"CASE,TUR(2/1/1)",0,35,late-republic
6926,Morrigan 5,,Morrigan,5,35,1904,Clan,6422130,Standard,440,TR:3145,536,RS:3145,https://i.ibb.co/VtCdwyP/era06-republic-dark-age.png,3124,254,3101,https://i.ibb.co/N7DtNjv/morrigan-3085.png,False,True,1.0,BattleMech,Sniper,BM,1,"16""",0,4,2,0,3,False,3,False,3,False,0,False,0,38,CASE,0,35,late-republic
6927,Morrigan 4,,Morrigan,4,35,2063,Mixed,6954705,Advanced,440,TR:3145,536,RS:3145,https://i.ibb.co/VtCdwyP/era06-republic-dark-age.png,3111,254,3101,https://i.ibb.co/N7DtNjv/morrigan-3085.png,False,True,1.0,BattleMech,Striker,BM,1,"16""",0,4,2,0,5,False,5,False,0,False,0,False,0,50,"CASE,TSEMP1",0,35,late-republic
6922,Cuirass CDR-2BC3,,Cuirass,CDR-2BC3,40,990,Inner Sphere,0,Advanced,440,TR:3145,536,RS:3145,https://i.ibb.co/VtCdwyP/era06-republic-dark-age.png,3119,254,3101,https://i.ibb.co/6BKyJ1p/cuirass-3085.png,False,True,1.0,BattleMech,Striker,BM,2,"12""j",0,4,2,0,3,False,3,False,0,False,0,False,0,31,"C3BSS,CASEII,MEL,MHQ2",0,40,late-republic
9314,Hermes II HER-7A,,Hermes II,HER-7A,40,1121,Mixed,0,Standard,516,RG26,516,RG26,https://i.ibb.co/VtCdwyP/era06-republic-dark-age.png,3120,254,3101,https://i.ibb.co/GJLV05M/hermes-ii-rg.png,True,True,1.0,BattleMech,Sniper,BM,2,"12""",0,4,2,0,3,False,3,False,2,False,0,False,0,29,CASEII,0,40,late-republic
6457,Calliope CAL-1MAF,,Calliope,CAL-1MAF,40,1125,Inner Sphere,4203547,Standard,514,TR:DA,535,RS:DA,https://i.ibb.co/VtCdwyP/era06-republic-dark-age.png,3127,254,3101,https://i.ibb.co/tmQDBRt/calliope-3150.png,True,True,1.0,BattleMech,Brawler,BM,2,"10""",0,4,3,0,2,False,2,False,1,False,0,False,0,25,"CASE,IF1",0,40,late-republic
9462,Clint CLNT-3-4T,,Clint,CLNT-3-4T,40,1157,Inner Sphere,0,Advanced,522,RG31,522,RG31,https://i.ibb.co/VtCdwyP/era06-republic-dark-age.png,3109,254,3101,https://i.ibb.co/K02WmGs/clint-rg.png,True,True,1.0,BattleMech,Striker,BM,2,"12""j",0,4,2,0,2,False,2,False,0,True,0,False,0,24,"CASEII,FLK0*/0*/0*,RFA",0,40,late-republic
6915,Targe TRG-3M,,Targe,TRG-3M,40,1233,Inner Sphere,8890467,Standard,440,TR:3145,536,RS:3145,https://i.ibb.co/VtCdwyP/era06-republic-dark-age.png,3109,254,3101,https://i.ibb.co/mG76HdR/targe-3085.png,False,True,1.0,BattleMech,Striker,BM,2,"20""",0,4,2,0,2,False,3,False,1,False,0,False,0,43,"CASE,IF1",0,40,late-republic
7588,Dragonfly (Viper) R,,Dragonfly (Viper),R,40,1335,Clan,11738533,Standard,438,RG08,438,RG08,https://i.ibb.co/VtCdwyP/era06-republic-dark-age.png,3110,254,3101,https://i.ibb.co/TKRRrbQ/dragonfly-viper-rg.png,False,True,1.0,BattleMech,Scout,BM,2,"16""j",0,4,2,0,2,False,2,False,0,False,0,False,0,36,"BH,CASE,LTAG,OMNI,RCN,SNARC",0,40,late-republic
7882,Tolva  ,,Tolva, ,40,1449,Clan,3114067,Advanced,461,OTP:HC,461,OTP:HC,https://i.ibb.co/VtCdwyP/era06-republic-dark-age.png,3101,254,3101,https://i.ibb.co/x8DXdq2/arana-militiamech-isp3.png,False,True,1.0,BattleMech,Skirmisher,BM,2,"10""j",0,5,3,0,3,False,3,False,0,False,0,False,0,30,"ENE,TUR(3/3/-)",0,40,late-republic
6337,Scarecrow UCU-F4r,,Scarecrow,UCU-F4r,40,1472,Mixed,0,Standard,514,TR:DA,535,RS:DA,https://i.ibb.co/VtCdwyP/era06-republic-dark-age.png,3122,254,3101,https://i.ibb.co/By2BH22/scarecrow-3150.png,False,True,1.0,BattleMech,Brawler,BM,2,"10""/6""j",0,4,2,0,3,False,3,False,0,False,0,False,3,33,"BH,CASEII,RCN,JMPW1",0,40,late-republic
6458,Raven II RVN-5X,,Raven II,RVN-5X,40,1858,Inner Sphere,10008133,Advanced,514,TR:DA,535,RS:DA,https://i.ibb.co/VtCdwyP/era06-republic-dark-age.png,3123,254,3101,https://i.ibb.co/BfbsWwr/raven-ii-3150.png,True,True,1.0,BattleMech,Scout,BM,2,"14""",0,4,2,0,2,False,1,False,0,True,0,False,1,43,"AECM,BH,IF0*,RCN,STL,TSEMP1",0,40,late-republic
6918,Raptor II RPT-2X2,,Raptor II,RPT-2X2,40,1868,Inner Sphere,12665333,Experimental,440,TR:3145,536,RS:3145,https://i.ibb.co/VtCdwyP/era06-republic-dark-age.png,3109,254,3101,https://i.ibb.co/FnV3G2g/raptor-ii-jsbd.png,False,True,1.0,BattleMech,Striker,BM,2,"18""",0,4,2,0,2,False,1,False,0,False,0,False,1,36,"AECM,MAS,TSEMP1",0,40,late-republic
7995,Icarus II ICR-2R,,Icarus II,ICR-2R,40,2775,Inner Sphere,0,Advanced,441,TR:3150,467,RS:3150,https://i.ibb.co/VtCdwyP/era06-republic-dark-age.png,3124,254,3101,https://i.ibb.co/crGmZpC/icarus-ii-pc.png,False,True,1.0,BattleMech,Striker,BM,2,"10""j",0,4,2,0,0,True,0,True,0,False,0,False,0,27,"TAG,TSEMP2",0,40,late-republic
6338,Antlion LK-3D,,Antlion,LK-3D,45,859,Mixed,8340038,Advanced,441,TR:3150,467,RS:3150,https://i.ibb.co/VtCdwyP/era06-republic-dark-age.png,3117,254,3101,https://i.ibb.co/vHJ7Bwq/antlion-3145.png,True,True,1.0,BattleMech,Missile Boat,BM,2,"10""",0,5,4,0,1,False,2,False,2,False,0,False,0,33,"BH,CASEII,IF1,RCN,RSD1",0,45,late-republic
7499,Blackjack BJ-5,,Blackjack,BJ-5,45,1165,Inner Sphere,5892075,Standard,432,RG04,432,RG04,https://i.ibb.co/VtCdwyP/era06-republic-dark-age.png,3107,254,3101,https://i.ibb.co/pyTwkmx/blackjack-rg.png,True,True,1.0,BattleMech,Sniper,BM,2,"8""j",0,5,2,0,2,False,3,False,3,False,0,False,0,27,CASEII,0,45,late-republic
6553,Stalking Spider II,,Stalking Spider II,,45,1362,Clan,4344925,Advanced,514,TR:DA,535,RS:DA,https://i.ibb.co/VtCdwyP/era06-republic-dark-age.png,3110,254,3101,https://i.ibb.co/ByNyndK/stalking-spider-ii-3150.png,True,True,1.0,BattleMech,Skirmisher,BM,2,"10""j",0,5,4,0,4,False,3,False,0,False,0,False,0,33,"CASE,SRM1/1,TUR(3/3/-,SRM1/1)",0,45,late-republic
7295,Hatchetman HCT-7R,,Hatchetman,HCT-7R,45,1521,Inner Sphere,8734220,Advanced,375,XTR:RotS 1,375,XTR:RotS 1,https://i.ibb.co/VtCdwyP/era06-republic-dark-age.png,3114,254,3101,https://i.ibb.co/NmJXGc7/hatchetman-xtro.png,True,True,1.0,BattleMech,Brawler,BM,2,"10""j",0,5,2,0,4,False,4,False,0,False,0,False,0,34,"ENE,MEL",0,45,late-republic
7505,Fenris (Ice Ferret) J,,Fenris (Ice Ferret),J,45,1771,Clan,18277613,Standard,432,RG04,432,RG04,https://i.ibb.co/VtCdwyP/era06-republic-dark-age.png,3120,254,3101,https://i.ibb.co/gd4g4Dv/fenris-ice-ferret-rg.png,False,True,1.0,BattleMech,Striker,BM,2,"20""",0,5,2,0,7,False,6,False,0,False,0,False,0,65,"CASE,OMNI",0,45,late-republic
7986,Goshawk II 4,,Goshawk II,4,45,1936,Clan,0,Advanced,441,TR:3150,467,RS:3150,https://i.ibb.co/VtCdwyP/era06-republic-dark-age.png,3130,254,3101,https://i.ibb.co/gPrS8CS/goshawk-iic-xtr.png,False,True,1.0,BattleMech,Striker,BM,2,"14""j",0,5,2,0,2,False,2,False,1,False,0,False,1,38,"CASE,HT1/1/1",0,45,late-republic
7492,Shadow Cat III A,,Shadow Cat III,A,45,2005,Clan,13232156,Standard,431,RG03,431,RG03,https://i.ibb.co/VtCdwyP/era06-republic-dark-age.png,3111,254,3101,https://i.ibb.co/qJGShKD/shadow-cat-iii-rg.png,False,True,1.0,BattleMech,Sniper,BM,2,"16""j",0,5,2,0,2,False,2,False,2,False,0,False,0,37,"ENE,OMNI",0,45,late-republic
7491,Shadow Cat III Prime,,Shadow Cat III,Prime,45,2021,Clan,10825156,Standard,431,RG03,431,RG03,https://i.ibb.co/VtCdwyP/era06-republic-dark-age.png,3111,254,3101,https://i.ibb.co/qJGShKD/shadow-cat-iii-rg.png,True,True,1.0,BattleMech,Striker,BM,2,"16""",0,5,2,0,3,False,4,False,2,False,0,False,0,45,"CASE,OMNI",0,45,late-republic
7494,Shadow Cat III C,,Shadow Cat III,C,45,2153,Clan,16759281,Standard,431,RG03,431,RG03,https://i.ibb.co/VtCdwyP/era06-republic-dark-age.png,3111,254,3101,https://i.ibb.co/qJGShKD/shadow-cat-iii-rg.png,False,True,1.0,BattleMech,Striker,BM,2,"18""",0,5,2,0,3,False,3,False,0,False,0,False,0,39,"CASE,FLK1/1/-,OMNI",0,45,late-republic
7493,Shadow Cat III B,,Shadow Cat III,B,45,2183,Clan,13569281,Standard,431,RG03,431,RG03,https://i.ibb.co/VtCdwyP/era06-republic-dark-age.png,3111,254,3101,https://i.ibb.co/qJGShKD/shadow-cat-iii-rg.png,False,True,1.0,BattleMech,Striker,BM,2,"16""/12""j",0,5,2,0,4,False,4,False,1,False,0,False,0,52,"AECM,CASE,JMPW1,OMNI,PRB,RCN",0,45,late-republic
6344,Centurion CN11-OD,,Centurion,CN11-OD,50,1177,Inner Sphere,13202969,Advanced,514,TR:DA,535,RS:DA,https://i.ibb.co/VtCdwyP/era06-republic-dark-age.png,3111,254,3101,https://i.ibb.co/2s9PfTh/centurion-omni-3145.png,False,True,1.0,BattleMech,Brawler,BM,2,"8""/6""j",0,5,2,0,3,False,3,False,1,False,0,False,0,30,"CASEII,IF1,MEL,OMNI,PRB,RCN,REAR0*/0*/-,SHLD",0,50,late-republic
6340,Centurion CN11-O,,Centurion,CN11-O,50,1236,Inner Sphere,13044063,Standard,514,TR:DA,535,RS:DA,https://i.ibb.co/VtCdwyP/era06-republic-dark-age.png,3111,254,3101,https://i.ibb.co/2s9PfTh/centurion-omni-3145.png,True,True,1.0,BattleMech,Brawler,BM,2,"10""",0,5,2,0,2,False,2,False,2,False,0,False,0,28,"CASEII,FLK1/1/1,IF1,OMNI,REAR1/1/-",0,50,late-republic
9268,Chameleon CLN-9V,,Chameleon,CLN-9V,50,1276,Inner Sphere,0,Standard,539,RGv1,515,RG25,https://i.ibb.co/VtCdwyP/era06-republic-dark-age.png,3120,254,3101,https://i.ibb.co/KmTmLmt/chameleon-rg.png,False,True,1.0,BattleMech,Striker,BM,2,"12""j",0,4,6,0,3,False,2,False,1,False,0,False,1,31,CASEII,0,50,late-republic
6265,Gravedigger GDR-1C,,Gravedigger,GDR-1C,50,1342,Inner Sphere,7231000,Standard,514,TR:DA,535,RS:DA,https://i.ibb.co/VtCdwyP/era06-republic-dark-age.png,3102,254,3101,https://i.ibb.co/swhD7MF/gravedigger-3150.png,False,True,1.0,BattleMech,Brawler,BM,2,"8""",0,6,2,0,3,False,4,False,1,False,0,False,0,31,"CASEII,IF1",0,50,late-republic
6903,Shockwave SKW-6H,,Shockwave,SKW-6H,50,1364,Inner Sphere,8895500,Standard,440,TR:3145,536,RS:3145,https://i.ibb.co/VtCdwyP/era06-republic-dark-age.png,3102,254,3101,https://i.ibb.co/pJfttbc/shockwave-3085.png,False,True,1.0,BattleMech,Sniper,BM,2,"10""",0,5,2,0,3,False,3,False,3,False,0,False,0,33,"CASE,IF1",0,50,late-republic
8416,Raijin RJN-301-B,Raijin,Raijin,RJN-301-B,50,1365,Inner Sphere,0,Standard,539,RGv1,493,RG23,https://i.ibb.co/VtCdwyP/era06-republic-dark-age.png,3122,254,3101,https://i.ibb.co/mF34vNH/raijin-rg.png,False,True,1.0,BattleMech,Striker,BM,2,"12""j",0,5,2,0,3,False,3,False,0,False,0,False,0,31,"CASEII,INARC,SRM1/1",0,50,late-republic
6341,Centurion CN11-OA,,Centurion,CN11-OA,50,1398,Inner Sphere,12702813,Standard,514,TR:DA,535,RS:DA,https://i.ibb.co/VtCdwyP/era06-republic-dark-age.png,3111,254,3101,https://i.ibb.co/2s9PfTh/centurion-omni-3145.png,False,True,1.0,BattleMech,Brawler,BM,2,"10""",0,5,2,0,4,False,4,False,1,False,0,False,0,35,"CASEII,IF1,OMNI",0,50,late-republic
8251,Eris ERS-2N,Eris,Eris,ERS-2N,50,1400,Inner Sphere,0,Advanced,476,RG18,476,RG18,https://i.ibb.co/VtCdwyP/era06-republic-dark-age.png,3115,254,3101,https://i.ibb.co/j83cq4f/eris-rg.png,True,True,1.0,BattleMech,Skirmisher,BM,2,"10""/14""j",0,5,2,0,3,False,3,False,1,False,0,False,0,38,"CASEII,IF1,JMPS1",0,50,late-republic
6342,Centurion CN11-OB,,Centurion,CN11-OB,50,1430,Inner Sphere,12843438,Standard,514,TR:DA,535,RS:DA,https://i.ibb.co/VtCdwyP/era06-republic-dark-age.png,3111,254,3101,https://i.ibb.co/2s9PfTh/centurion-omni-3145.png,False,True,1.0,BattleMech,Sniper,BM,2,"10""",0,5,2,0,3,False,3,False,3,False,0,False,0,34,"CASEII,ECM,IF0*,OMNI",0,50,late-republic
6508,Sarath SRTH-1OB,,Sarath,SRTH-1OB,50,1475,Mixed,11487719,Advanced,514,TR:DA,535,RS:DA,https://i.ibb.co/VtCdwyP/era06-republic-dark-age.png,3122,254,3101,https://i.ibb.co/Dkpn4ww/sarath-b-3145.png,False,True,1.0,BattleMech,Skirmisher,BM,2,"10""",0,6,2,0,3,False,3,False,0,False,0,False,1,36,"ENE,HT2/2/-,MEL,OMNI,TSM,TUR(2/2/-,HT2/2/-)",0,50,late-republic
7296,Enforcer III ENF-7D,,Enforcer III,ENF-7D,50,1495,Inner Sphere,10114250,Standard,514,TR:DA,535,RS:DA,https://i.ibb.co/VtCdwyP/era06-republic-dark-age.png,3104,254,3101,https://i.ibb.co/68d1Tzp/enforcer-iii-7d-xtr.png,True,True,1.0,BattleMech,Sniper,BM,2,"10""j",0,5,2,0,2,False,2,False,2,False,0,False,0,27,"CASEII,FLK1/1/1",0,50,late-republic
6345,Centurion CN11-OE,,Centurion,CN11-OE,50,1515,Inner Sphere,14287188,Advanced,514,TR:DA,535,RS:DA,https://i.ibb.co/VtCdwyP/era06-republic-dark-age.png,3111,254,3101,https://i.ibb.co/2s9PfTh/centurion-omni-3145.png,False,True,1.0,BattleMech,Sniper,BM,2,"10""",0,5,2,0,3,False,3,False,2,False,0,False,0,37,"AECM,C3BSS,MHQ2,OMNI",0,50,late-republic
8130,Hunchback IIC 5,,Hunchback IIC,5,50,1534,Clan,0,Standard,471,RG13,471,RG13,https://i.ibb.co/VtCdwyP/era06-republic-dark-age.png,3130,254,3101,https://i.ibb.co/wJMNRpB/hunchback-iic-rg.png,True,True,1.0,BattleMech,Ambusher,BM,2,"8""j",0,3,3,0,4,False,4,False,0,False,0,False,0,25,"CASE, FLK2/2/-",0,50,late-republic
6459,Agrotera AGT-1A,,Agrotera,AGT-1A,50,1578,Inner Sphere,10605000,Advanced,514,TR:DA,535,RS:DA,https://i.ibb.co/VtCdwyP/era06-republic-dark-age.png,3108,254,3101,https://i.ibb.co/vmkxR43/agrotera-3145.png,True,True,1.0,BattleMech,Striker,BM,2,"12""/16""j",0,5,2,0,3,False,2,False,2,False,0,False,1,37,"ENE,JMPS1,TAG",0,50,late-republic
6905,Legionnaire LGN-2K,,Legionnaire,LGN-2K,50,1597,Inner Sphere,12712000,Standard,440,TR:3145,536,RS:3145,https://i.ibb.co/VtCdwyP/era06-republic-dark-age.png,3128,254,3101,https://i.ibb.co/LZgjRP6/legionnaire-3075.png,False,True,1.0,BattleMech,Striker,BM,2,"18""/14""j",0,5,2,0,2,False,2,False,2,False,0,False,0,37,ENE,0,50,late-republic
6343,Centurion CN11-OC,,Centurion,CN11-OC,50,1628,Inner Sphere,14146563,Standard,514,TR:DA,535,RS:DA,https://i.ibb.co/VtCdwyP/era06-republic-dark-age.png,3111,254,3101,https://i.ibb.co/2s9PfTh/centurion-omni-3145.png,False,True,1.0,BattleMech,Skirmisher,BM,2,"10""j",0,5,2,0,2,False,3,False,1,False,0,False,0,35,"C3S,CASEII,ECM,IF1,MHQ1,OMNI,REAR1/1/-",0,50,late-republic
6506,Sarath SRTH-1O,,Sarath,SRTH-1O,50,1630,Inner Sphere,12060156,Advanced,514,TR:DA,535,RS:DA,https://i.ibb.co/VtCdwyP/era06-republic-dark-age.png,3122,254,3101,https://i.ibb.co/fdS5gMv/sarath-3145.png,True,True,1.0,BattleMech,Skirmisher,BM,2,"10""",0,6,2,0,2,False,3,False,2,False,0,False,1,38,"ENE,MEL,OMNI,PRB,RCN,TSM,TUR(2/2/2)",0,50,late-republic
7985,Enforcer III ENF-6R,,Enforcer III,ENF-6R,50,1694,Inner Sphere,0,Standard,441,TR:3150,467,RS:3150,https://i.ibb.co/VtCdwyP/era06-republic-dark-age.png,3102,254,3101,https://i.ibb.co/JQ9SbGH/enforcer-iii-3060.png,False,True,1.0,BattleMech,Skirmisher,BM,2,"10""j",0,5,2,0,4,False,4,False,1,False,0,False,0,34,,0,50,late-republic
6264,Gravedigger GDR-1D,,Gravedigger,GDR-1D,50,1707,Mixed,9242500,Standard,514,TR:DA,535,RS:DA,https://i.ibb.co/VtCdwyP/era06-republic-dark-age.png,3105,254,3101,https://i.ibb.co/swhD7MF/gravedigger-3150.png,True,True,1.0,BattleMech,Sniper,BM,2,"8""",0,6,2,0,3,False,3,False,3,False,0,False,0,36,"AECM,CASEII,FLK0*/0*/0*,PRB,RCN",0,50,late-republic
6507,Sarath SRTH-1OA,,Sarath,SRTH-1OA,50,1738,Mixed,12258438,Advanced,514,TR:DA,535,RS:DA,https://i.ibb.co/VtCdwyP/era06-republic-dark-age.png,3122,254,3101,https://i.ibb.co/nfzpBHR/sarath-a-3145.png,False,True,1.0,BattleMech,Missile Boat,BM,2,"10""j",0,6,2,0,4,False,4,False,3,False,0,False,0,42,"IF2,LRM2/2/2,OMNI,TSM,TUR(3/3/3,IF2,LRM2/2/2)",0,50,late-republic
7994,Huron Warrior HUR-WO-R5L,,Huron Warrior,HUR-WO-R5L,50,1780,Inner Sphere,0,Standard,441,TR:3150,467,RS:3150,https://i.ibb.co/VtCdwyP/era06-republic-dark-age.png,3102,254,3101,https://i.ibb.co/XfRQLgp/huron-warrior-xtr.png,False,True,1.0,BattleMech,Skirmisher,BM,2,"10""",0,5,2,0,2,False,2,False,2,False,0,False,1,36,"ECM,STL",0,50,late-republic
7404,"Centurion CN9-YLW3 ""Yen-lo-wang""",,Centurion,"CN9-YLW3 ""Yen-lo-wang""",50,1815,Mixed,0,Experimental,421,TP:CC,421,TP:CC,https://i.ibb.co/VtCdwyP/era06-republic-dark-age.png,3101,254,3101,https://i.ibb.co/RP1b0kq/centurion-rg.png,True,True,1.0,BattleMech,Brawler,BM,2,"8""",0,5,2,0,4,False,4,False,3,False,0,False,0,33,"CASEII,MEL,TSM,IF1,LRM1/1/1",0,50,late-republic
8252,Eris ERS-3R,Eris,Eris,ERS-3R,50,1868,Inner Sphere,0,Advanced,476,RG18,476,RG18,https://i.ibb.co/VtCdwyP/era06-republic-dark-age.png,3130,254,3101,https://i.ibb.co/j83cq4f/eris-rg.png,False,True,1.0,BattleMech,Skirmisher,BM,2,"10""/14""j",0,6,1,0,3,False,3,False,2,False,0,False,0,43,"AECM,ENE,JMPS1,TAG",0,50,late-republic
6619,Mongrel MGL-T2,,Mongrel,MGL-T2,50,1949,Clan,11339200,Advanced,440,TR:3145,536,RS:3145,https://i.ibb.co/VtCdwyP/era06-republic-dark-age.png,3108,254,3101,https://i.ibb.co/0y7qszP/mongrel-3145.png,False,True,1.0,BattleMech,Striker,BM,2,"14""",0,6,3,0,3,False,3,False,0,False,0,False,0,49,"CASE,ECM,MEL,RCA,SAW",0,50,late-republic
8166,Black Hawk (Nova) J,,Black Hawk (Nova),J,50,2295,Clan,0,Standard,472,RG14,472,RG14,https://i.ibb.co/VtCdwyP/era06-republic-dark-age.png,3128,254,3101,https://i.ibb.co/TMw8bG6/black-hawk-nova-rg.png,False,True,1.0,BattleMech,Skirmisher,BM,2,"10""j",0,5,3,0,3,False,3,False,3,False,0,False,0,33,"CASE,OMNI",0,50,late-republic
7725,Centurion CN10-D,,Centurion,CN10-D,55,1260,Inner Sphere,9640070,Standard,454,RG10,454,RG10,https://i.ibb.co/VtCdwyP/era06-republic-dark-age.png,3121,254,3101,https://i.ibb.co/RP1b0kq/centurion-rg.png,True,True,1.1,BattleMech,Sniper,BM,2,"8""",0,6,3,0,2,False,2,False,2,False,0,False,0,28,"CASEII,FLK1/1/1,IF1,REAR1/1/-",0,55,late-republic
7789,Shadow Hawk SHD-7H,,Shadow Hawk,SHD-7H,55,1394,Inner Sphere,8957915,Standard,539,RGv1,540,RSFP:GDL,https://i.ibb.co/VtCdwyP/era06-republic-dark-age.png,3101,254,3101,https://i.ibb.co/NpNFRL1/shadow-hawk-rg.png,True,True,1.0,BattleMech,Skirmisher,BM,2,"10""j",0,6,3,0,2,False,2,False,1,False,0,False,0,30,"CASEII,FLK1/1/1,IF0*",0,55,late-republic
6622,Gauntlet GTL-1OA,,Gauntlet,GTL-1OA,55,1420,Inner Sphere,12674156,Standard,440,TR:3145,536,RS:3145,https://i.ibb.co/VtCdwyP/era06-republic-dark-age.png,3128,254,3101,https://i.ibb.co/S0bZHGW/gauntlet-3145.png,False,True,1.0,BattleMech,Skirmisher,BM,2,"12""",0,6,3,0,3,False,3,False,2,False,0,False,0,36,"CASEII,IF1,OMNI",0,55,late-republic
6410,Exhumer EXR-2X,,Exhumer,EXR-2X,55,1468,Inner Sphere,11878890,Standard,514,TR:DA,535,RS:DA,https://i.ibb.co/VtCdwyP/era06-republic-dark-age.png,3129,254,3101,https://i.ibb.co/g79XfNB/exhumer-3145.png,True,True,1.0,BattleMech,Sniper,BM,2,"12""",0,6,3,0,2,False,3,False,3,False,0,False,0,36,"CASEII,IF1",0,55,late-republic
6895,Marshal MHL-3MC,,Marshal,MHL-3MC,55,1714,Inner Sphere,5938773,Advanced,440,TR:3145,536,RS:3145,https://i.ibb.co/VtCdwyP/era06-republic-dark-age.png,3119,254,3101,https://i.ibb.co/W6Cymxw/marshal-3060.png,False,True,1.0,BattleMech,Brawler,BM,2,"8""j",0,6,5,0,3,False,2,False,1,False,0,False,0,35,"IF1,TSEMP1",0,55,late-republic
7454,Bushwacker BSW-X4,,Bushwacker,BSW-X4,55,1751,Inner Sphere,11739287,Standard,426,RG02,426,RG02,https://i.ibb.co/VtCdwyP/era06-republic-dark-age.png,3125,254,3101,https://i.ibb.co/GHCxbyb/bushwacker-rg.png,True,True,1.0,BattleMech,Sniper,BM,2,"12""",0,6,3,0,3,False,3,False,2,False,0,False,1,37,"CASEII,IF1",0,55,late-republic
8258,Wolverine WVR-11M,Wolverine,Wolverine,WVR-11M,55,1778,Inner Sphere,0,Standard,539,RGv1,476,RG18,https://i.ibb.co/VtCdwyP/era06-republic-dark-age.png,3122,254,3101,https://i.ibb.co/F8jQ7xL/wolverine-rg.png,False,True,1.0,BattleMech,Skirmisher,BM,2,"12""/10""j",0,6,3,0,3,False,3,False,2,False,0,False,0,35,CASEII,0,55,late-republic
8256,Wolverine WVR-10R,Wolverine,Wolverine,WVR-10R,55,1791,Inner Sphere,0,Standard,539,RGv1,476,RG18,https://i.ibb.co/VtCdwyP/era06-republic-dark-age.png,3115,254,3101,https://i.ibb.co/F8jQ7xL/wolverine-rg.png,True,True,1.0,BattleMech,Skirmisher,BM,2,"16""/12""j",0,6,3,0,3,False,3,False,0,False,0,False,0,45,"CASEII,JMPW1",0,55,late-republic
6621,Gauntlet GTL-1O,,Gauntlet,GTL-1O,55,1846,Inner Sphere,17229219,Standard,440,TR:3145,536,RS:3145,https://i.ibb.co/VtCdwyP/era06-republic-dark-age.png,3128,254,3101,https://i.ibb.co/S0bZHGW/gauntlet-3145.png,True,True,1.0,BattleMech,Skirmisher,BM,2,"16""",0,6,3,0,2,False,3,False,3,False,0,False,0,48,"CASE,IF1,OMNI",0,55,late-republic
6899,Griffin GRF-6S2,,Griffin,GRF-6S2,55,1870,Mixed,12457040,Advanced,440,TR:3145,536,RS:3145,https://i.ibb.co/VtCdwyP/era06-republic-dark-age.png,3123,254,3101,https://i.ibb.co/qgJM2jM/griffin-6s-pp.png,False,True,1.0,BattleMech,Sniper,BM,2,"10""j",0,6,3,0,2,False,2,False,2,False,0,False,1,36,"C3BSS,CASEII,IF1,MHQ2",0,55,late-republic
9539,Gladiator GLD-7R,,Gladiator,GLD-7R,55,1890,Inner Sphere,0,Advanced,542,Shrap15,464,ShrapRS,https://i.ibb.co/VtCdwyP/era06-republic-dark-age.png,3117,254,3101,https://i.ibb.co/9tVBGTM/gladiator-pc.png,True,True,1.0,BattleMech,Skirmisher,BM,2,"6""/12""j",0,9,3,0,3,False,3,False,0,False,0,False,1,40,"CASEII,CR,JMPS1,TSM",0,55,late-republic
7554,Ryoken (Stormcrow) K,,Ryoken (Stormcrow),K,55,2001,Clan,15450884,Standard,442,RG07,442,RG07,https://i.ibb.co/VtCdwyP/era06-republic-dark-age.png,3120,254,3101,https://i.ibb.co/Bf61VVz/ryoken-stormcrow-rg.png,False,True,1.0,BattleMech,Striker,BM,2,"12""",0,6,3,0,6,False,6,False,2,False,0,False,0,47,"CASE, OMNI",0,55,late-republic
6624,Gauntlet GTL-1OC,,Gauntlet,GTL-1OC,55,2048,Inner Sphere,13578969,Advanced,440,TR:3145,536,RS:3145,https://i.ibb.co/VtCdwyP/era06-republic-dark-age.png,3128,254,3101,https://i.ibb.co/S0bZHGW/gauntlet-3145.png,False,True,1.0,BattleMech,Skirmisher,BM,2,"12""",0,6,3,0,2,False,2,False,0,False,0,False,0,34,"CASEII,OMNI,TSEMP1",0,55,late-republic
6623,Gauntlet GTL-1OB,,Gauntlet,GTL-1OB,55,2076,Inner Sphere,12850469,Standard,440,TR:3145,536,RS:3145,https://i.ibb.co/VtCdwyP/era06-republic-dark-age.png,3128,254,3101,https://i.ibb.co/S0bZHGW/gauntlet-3145.png,False,True,1.0,BattleMech,Skirmisher,BM,2,"12""/10""j",0,6,3,0,4,False,4,False,0,False,0,False,3,41,"ECM,OMNI",0,55,late-republic
6267,Gyrfalcon 2,,Gyrfalcon,2,55,2105,Clan,11701157,Advanced,514,TR:DA,535,RS:DA,https://i.ibb.co/VtCdwyP/era06-republic-dark-age.png,3112,254,3101,https://i.ibb.co/2KBhHTK/gyrfalcon-rg.png,False,True,1.0,BattleMech,Skirmisher,BM,2,"12""/14""j",0,5,3,0,3,False,3,False,3,False,0,False,0,41,"CASE,FLK0*/0*/0*,JMPS1",0,55,late-republic
8185,Black Lanner F,,Black Lanner,F,55,2154,Clan,0,Standard,473,RG15,473,RG15,https://i.ibb.co/VtCdwyP/era06-republic-dark-age.png,3121,254,3101,https://i.ibb.co/WVHNwq1/black-lanner-rg.png,False,True,2.0,BattleMech,Scout,BM,2,"18""",0,5,3,0,5,False,5,False,0,False,0,False,0,54,"CASE,LPRB,OMNI,RCN",0,55,late-republic
6268,Gyrfalcon 3,,Gyrfalcon,3,55,2228,Clan,11598392,Advanced,514,TR:DA,535,RS:DA,https://i.ibb.co/VtCdwyP/era06-republic-dark-age.png,3112,254,3101,https://i.ibb.co/2KBhHTK/gyrfalcon-rg.png,False,True,1.0,BattleMech,Skirmisher,BM,2,"12""/14""j",0,5,3,0,3,False,3,False,3,False,0,False,0,41,"CASE,JMPS1",0,55,late-republic
7553,Ryoken (Stormcrow) J,,Ryoken (Stormcrow),J,55,2300,Clan,15412134,Standard,442,RG07,442,RG07,https://i.ibb.co/VtCdwyP/era06-republic-dark-age.png,3130,254,3101,https://i.ibb.co/Bf61VVz/ryoken-stormcrow-rg.png,False,True,1.0,BattleMech,Striker,BM,2,"12""",0,6,3,0,4,False,3,False,2,False,0,False,1,37,"CASE, FLK2/1/2, OMNI",0,55,late-republic
6266,Gyrfalcon  ,,Gyrfalcon, ,55,2367,Clan,11946057,Advanced,514,TR:DA,535,RS:DA,https://i.ibb.co/VtCdwyP/era06-republic-dark-age.png,3112,254,3101,https://i.ibb.co/2KBhHTK/gyrfalcon-rg.png,True,True,1.0,BattleMech,Skirmisher,BM,2,"12""/14""j",0,5,3,0,2,False,2,False,2,False,0,False,1,40,"CASE,FLK0*/0*/0*,JMPS1,LPRB,OVL,RCN,RFA",0,55,late-republic
6892,Thunder Fox TFT-F11,,Thunder Fox,TFT-F11,55,2426,Mixed,37518008,Experimental,440,TR:3145,536,RS:3145,https://i.ibb.co/VtCdwyP/era06-republic-dark-age.png,3119,254,3101,https://i.ibb.co/zHDrrng/thunder-fox-3085.png,False,True,1.0,BattleMech,Sniper,BM,2,"8""/10""j",0,13,2,0,2,False,2,False,2,False,0,False,0,44,"CR,ENE,JMPS1,TUR(2/2/2)",0,55,late-republic
6269,Gyrfalcon 4,,Gyrfalcon,4,55,3716,Clan,13707942,Advanced,514,TR:DA,535,RS:DA,https://i.ibb.co/VtCdwyP/era06-republic-dark-age.png,3112,254,3101,https://i.ibb.co/2KBhHTK/gyrfalcon-rg.png,False,True,1.0,BattleMech,Skirmisher,BM,2,"12""/14""j",0,5,3,0,2,False,2,False,2,False,0,False,0,45,"CASE,JMPS1,TSEMP2",0,55,late-republic
9318,Merlin MLN-1P,,Merlin,MLN-1P,60,1181,Inner Sphere,0,Standard,539,RGv1,516,RG26,https://i.ibb.co/VtCdwyP/era06-republic-dark-age.png,3114,254,3101,https://i.ibb.co/7Vn12n4/merlin-rg.png,False,True,1.0,BattleMech,Juggernaut,BM,3,"8""j",0,6,5,0,4,False,3,False,0,True,0,False,0,33,IF0*,0,60,late-republic
6889,Grand Dragon DRG-10K,Dragon,Grand Dragon,DRG-10K,60,1603,Inner Sphere,13881280,Advanced,440,TR:3145,536,RS:3145,https://i.ibb.co/VtCdwyP/era06-republic-dark-age.png,3114,254,3101,https://i.ibb.co/XJg2J2G/dragon-rg.png,False,True,1.0,BattleMech,Skirmisher,BM,3,"12""",0,6,3,0,3,False,3,False,0,False,0,False,0,34,"ABA,CASE",0,60,late-republic
6511,Anzu ZU-J70,,Anzu,ZU-J70,60,1680,Inner Sphere,11158800,Standard,514,TR:DA,535,RS:DA,https://i.ibb.co/VtCdwyP/era06-republic-dark-age.png,3106,254,3101,https://i.ibb.co/NNcVdG8/anzu-3150.png,False,True,1.0,BattleMech,Skirmisher,BM,3,"8""j",0,6,3,0,4,False,3,False,0,True,0,False,2,32,"CASEII,IF0*",0,60,late-republic
6884,Ti Ts'ang TSG-10L,,Ti Ts'ang,TSG-10L,60,1730,Inner Sphere,57958080,Advanced,440,TR:3145,536,RS:3145,https://i.ibb.co/VtCdwyP/era06-republic-dark-age.png,3125,254,3101,https://i.ibb.co/n1nLcjY/ti-ts-ang-3060.png,False,True,1.0,BattleMech,Skirmisher,BM,3,"16""",0,7,2,0,4,False,3,False,0,False,0,False,0,50,"ENE,FR,MEL,TAG,TSM",0,60,late-republic
6272,Vulture Mk III (Mad Dog Mk III) A,,Vulture Mk III (Mad Dog Mk III),A,60,1880,Clan,15252000,Standard,514,TR:DA,535,RS:DA,https://i.ibb.co/VtCdwyP/era06-republic-dark-age.png,3109,254,3101,https://i.ibb.co/9VxHM6Q/vulture-mk-iii-mad-dog-mk-iii-3145.png,False,True,1.0,BattleMech,Skirmisher,BM,3,"10""",0,6,3,0,6,False,6,False,2,False,0,False,0,47,"CASE,OMNI,SRM2/2",0,60,late-republic
6274,Vulture Mk III (Mad Dog Mk III) C,,Vulture Mk III (Mad Dog Mk III),C,60,2299,Clan,15856000,Standard,514,TR:DA,535,RS:DA,https://i.ibb.co/VtCdwyP/era06-republic-dark-age.png,3109,254,3101,https://i.ibb.co/9VxHM6Q/vulture-mk-iii-mad-dog-mk-iii-3145.png,False,True,1.0,BattleMech,Skirmisher,BM,3,"10""",0,6,3,0,7,False,6,False,0,False,0,False,2,47,"CASE,OMNI",0,60,late-republic
6275,Vulture Mk III (Mad Dog Mk III) D,,Vulture Mk III (Mad Dog Mk III),D,60,2421,Clan,15000000,Standard,514,TR:DA,535,RS:DA,https://i.ibb.co/VtCdwyP/era06-republic-dark-age.png,3109,254,3101,https://i.ibb.co/9VxHM6Q/vulture-mk-iii-mad-dog-mk-iii-3145.png,False,True,1.0,BattleMech,Skirmisher,BM,3,"10""",0,6,3,0,6,False,6,False,4,False,0,False,0,49,"CASE,OMNI",0,60,late-republic
6273,Vulture Mk III (Mad Dog Mk III) B,,Vulture Mk III (Mad Dog Mk III),B,60,2572,Clan,16172000,Standard,514,TR:DA,535,RS:DA,https://i.ibb.co/VtCdwyP/era06-republic-dark-age.png,3109,254,3101,https://i.ibb.co/9VxHM6Q/vulture-mk-iii-mad-dog-mk-iii-3145.png,False,True,1.0,BattleMech,Missile Boat,BM,3,"10""/8""j",0,6,3,0,4,False,4,False,3,False,0,False,2,44,"CASE,IF2,LRM2/2/2,OMNI,OVL,JMPW1",0,60,late-republic
6271,Vulture Mk III (Mad Dog Mk III) Prime,,Vulture Mk III (Mad Dog Mk III),Prime,60,2729,Clan,0,Standard,514,TR:DA,535,RS:DA,https://i.ibb.co/VtCdwyP/era06-republic-dark-age.png,3109,254,3101,https://i.ibb.co/9VxHM6Q/vulture-mk-iii-mad-dog-mk-iii-3145.png,True,True,1.0,BattleMech,Missile Boat,BM,3,"10""",0,6,3,0,4,False,4,False,4,False,0,False,4,47,"CASE,IF4,LRM2/2/4,OMNI",0,60,late-republic
6881,Koschei KSC-6L,,Koschei,KSC-6L,65,1465,Inner Sphere,13382243,Advanced,440,TR:3145,536,RS:3145,https://i.ibb.co/VtCdwyP/era06-republic-dark-age.png,3105,254,3101,https://i.ibb.co/N1z90gf/koschei-3075.png,False,True,1.0,BattleMech,Skirmisher,BM,3,"10""",0,7,4,0,3,False,3,False,0,False,0,False,0,43,"ARTSC-1,CASEII,TSM",0,65,late-republic
8233,Crusader CRD-9R,,Crusader,CRD-9R,65,1612,Inner Sphere,0,Advanced,539,RGv1,475,RG17,https://i.ibb.co/VtCdwyP/era06-republic-dark-age.png,3130,254,3101,https://i.ibb.co/VNLfwbr/crusader-rg.png,True,True,1.0,BattleMech,Missile Boat,BM,3,"10""",0,6,2,0,3,False,3,False,3,False,0,False,1,37,"CASEII,IF1,LRM1/1/1,SRM1/1",0,65,late-republic
8232,Crusader CRD-9BR,,Crusader,CRD-9BR,65,1653,Inner Sphere,0,Advanced,539,RGv1,475,RG17,https://i.ibb.co/VtCdwyP/era06-republic-dark-age.png,3125,254,3101,https://i.ibb.co/VNLfwbr/crusader-rg.png,False,True,1.0,BattleMech,Skirmisher,BM,3,"10""",0,6,2,0,4,False,4,False,1,False,0,False,1,40,"CASEII,IF1,MEL,TSM",0,65,late-republic
6279,Loki Mk II (Hel) B,,Loki Mk II (Hel),B,65,1798,Clan,15539219,Advanced,514,TR:DA,535,RS:DA,https://i.ibb.co/VtCdwyP/era06-republic-dark-age.png,3121,254,3101,https://i.ibb.co/d7Jk6Mv/loki-mk-ii-hel-rg.png,False,True,1.0,BattleMech,Brawler,BM,3,"8""",0,6,4,0,3,False,3,False,1,False,0,False,2,44,"ARTLTC-1,CASE,OMNI",0,65,late-republic
8236,Crossbow F,,Crossbow,F,65,1854,Clan,0,Standard,475,RG17,475,RG17,https://i.ibb.co/VtCdwyP/era06-republic-dark-age.png,3116,254,3101,https://i.ibb.co/frTNJmL/crossbow-rg.png,False,True,2.0,BattleMech,Skirmisher,BM,3,"10""",0,6,5,0,6,False,5,False,2,False,0,False,0,46,"CASE,OMNI",0,65,late-republic
6627,Ursa URA-2A,,Ursa,URA-2A,65,1887,Inner Sphere,15896650,Standard,514,TR:DA,535,RS:DA,https://i.ibb.co/VtCdwyP/era06-republic-dark-age.png,3122,254,3101,https://i.ibb.co/sjxbvKF/ursa-3145.png,True,True,1.0,BattleMech,Skirmisher,BM,3,"12""",0,7,3,0,3,False,3,False,2,False,0,False,2,39,,0,65,late-republic
6879,Loki (Hellbringer) G,,Loki (Hellbringer),G,65,1943,Mixed,18327547,Standard,425,RG01,425,RG01,https://i.ibb.co/VtCdwyP/era06-republic-dark-age.png,3112,254,3101,https://i.ibb.co/TP1Xph3/loki-hellbringer-rg.png,False,True,1.0,BattleMech,Skirmisher,BM,3,"10""",0,4,4,0,5,False,6,False,3,False,0,False,0,43,"CASE,OMNI",0,65,late-republic
8194,Thunderbolt TDR-12R,,Thunderbolt,TDR-12R,65,1975,Mixed,0,Advanced,539,RGv1,473,RG15,https://i.ibb.co/VtCdwyP/era06-republic-dark-age.png,3127,254,3101,https://i.ibb.co/YQRy8Kf/thunderbolt-rg.png,True,True,1.0,BattleMech,Juggernaut,BM,3,"6""",0,7,5,0,4,False,4,False,2,False,0,False,2,41,"CASEII,IF2,RFA",0,65,late-republic
6676,Lament LMT-2R,,Lament,LMT-2R,65,1999,Inner Sphere,14981725,Advanced,514,TR:DA,535,RS:DA,https://i.ibb.co/VtCdwyP/era06-republic-dark-age.png,3126,254,3101,https://i.ibb.co/Z2qgqmN/lament-3145.png,True,True,1.0,BattleMech,Brawler,BM,3,"10""",0,7,3,0,3,False,4,False,3,False,0,False,1,43,"ENE,RHS",0,65,late-republic
8238,Crossbow W,,Crossbow,W,65,2051,Clan,0,Standard,475,RG17,475,RG17,https://i.ibb.co/VtCdwyP/era06-republic-dark-age.png,3128,254,3101,https://i.ibb.co/frTNJmL/crossbow-rg.png,False,True,2.0,BattleMech,Sniper,BM,3,"10""",0,6,5,0,3,False,3,False,3,False,0,False,2,41,"CASE,IF1,OMNI",0,65,late-republic
9504,Jinggau JN-G9CCr,,Jinggau,JN-G9CCr,65,2058,Mixed,0,Standard,533,Shrap12,464,ShrapRS,https://i.ibb.co/VtCdwyP/era06-republic-dark-age.png,3114,254,3101,https://i.ibb.co/f98bp2b/jinggau-shrap.png,False,True,1.0,BattleMech,Skirmisher,BM,3,"12""",0,6,3,0,3,False,3,False,2,False,0,False,1,51,"ECM,ENE,MHQ1,PRB,RCN,STL",0,65,late-republic
6883,Balius E,,Balius,E,65,2156,Clan,21339656,Standard,463,TR:J,536,RS:3145,https://i.ibb.co/VtCdwyP/era06-republic-dark-age.png,3127,254,3101,https://i.ibb.co/MBsrTVx/balius-3075.png,False,True,1.0,BattleMech,Skirmisher,BM,3,"12""",0,7,4,0,4,False,4,False,3,False,0,False,0,44,"CASE,OMNI,REAR1/1/-",0,65,late-republic
6277,Loki Mk II (Hel) Prime,,Loki Mk II (Hel),Prime,65,2189,Clan,0,Standard,514,TR:DA,535,RS:DA,https://i.ibb.co/VtCdwyP/era06-republic-dark-age.png,3121,254,3101,https://i.ibb.co/d7Jk6Mv/loki-mk-ii-hel-rg.png,True,True,1.0,BattleMech,Sniper,BM,3,"8""",0,6,4,0,5,False,6,False,5,False,0,False,0,42,"CASE,OMNI",0,65,late-republic
9571,Loki Mk II (Hel) C,,Loki Mk II (Hel),C,65,2214,Clan,0,Standard,543,RG33,543,RG33,https://i.ibb.co/VtCdwyP/era06-republic-dark-age.png,3130,254,3101,https://i.ibb.co/d7Jk6Mv/loki-mk-ii-hel-rg.png,False,True,1.0,BattleMech,Missile Boat,BM,3,"8""",0,6,4,0,10,False,7,False,4,False,0,False,1,49,"CASE,OMNI",0,65,late-republic
6278,Loki Mk II (Hel) A,,Loki Mk II (Hel),A,65,2249,Clan,17861594,Standard,514,TR:DA,535,RS:DA,https://i.ibb.co/VtCdwyP/era06-republic-dark-age.png,3121,254,3101,https://i.ibb.co/d7Jk6Mv/loki-mk-ii-hel-rg.png,False,True,1.0,BattleMech,Brawler,BM,3,"8""",0,6,4,0,5,False,5,False,4,False,0,False,3,44,"AECM,CASE,FLK0*/0*/1,OMNI",0,65,late-republic
6415,Dragon II DRG-11R,,Dragon II,DRG-11R,65,2300,Mixed,18079930,Advanced,514,TR:DA,535,RS:DA,https://i.ibb.co/VtCdwyP/era06-republic-dark-age.png,3102,254,3101,https://i.ibb.co/wM8b2P1/dragon-ii-3145.png,False,True,1.0,BattleMech,Missile Boat,BM,3,"12""",0,7,3,0,2,False,2,False,2,False,0,False,1,47,"ARTAC-1,CASEII",0,65,late-republic
6880,Linebacker G,,Linebacker,G,65,2433,Clan,28563563,Standard,434,RG06,434,RG06,https://i.ibb.co/VtCdwyP/era06-republic-dark-age.png,3114,254,3101,https://i.ibb.co/tQMGwwY/linebacker-rg.png,False,True,1.0,BattleMech,Skirmisher,BM,3,"16""",0,6,4,0,4,False,4,False,0,False,0,False,0,52,"CASE,OMNI",0,65,late-republic
6628,Ursa URA-2C,,Ursa,URA-2C,65,2570,Clan,16256350,Standard,514,TR:DA,535,RS:DA,https://i.ibb.co/VtCdwyP/era06-republic-dark-age.png,3125,254,3101,https://i.ibb.co/sjxbvKF/ursa-3145.png,False,True,1.0,BattleMech,Skirmisher,BM,3,"12""",0,7,4,0,4,False,4,False,3,False,0,False,2,45,CASE,0,65,late-republic
8210,Cauldron-Born (Ebon Jaguar) F,,Cauldron-Born (Ebon Jaguar),F,65,2681,Clan,0,Standard,474,RG16,474,RG16,https://i.ibb.co/VtCdwyP/era06-republic-dark-age.png,3104,254,3101,https://i.ibb.co/2MKhtHm/cauldron-born-ebon-jaguar-rg.png,False,True,1.0,BattleMech,Sniper,BM,3,"10""",0,6,4,0,7,False,6,False,5,False,0,False,0,52,"CASE,OMNI",0,65,late-republic
8211,Cauldron-Born (Ebon Jaguar) G,,Cauldron-Born (Ebon Jaguar),G,65,2849,Clan,0,Standard,474,RG16,474,RG16,https://i.ibb.co/VtCdwyP/era06-republic-dark-age.png,3125,254,3101,https://i.ibb.co/2MKhtHm/cauldron-born-ebon-jaguar-rg.png,False,True,1.0,BattleMech,Skirmisher,BM,3,"10""",0,6,4,0,5,False,5,False,3,False,0,False,0,45,"CASE,FLK3/3/3,OMNI",0,65,late-republic
7634,Avatar AV1-OBLO,,Avatar,AV1-OBLO,70,1550,Inner Sphere,19243292,Standard,436,TR:CI,448,SO:UF,https://i.ibb.co/VtCdwyP/era06-republic-dark-age.png,3127,254,3101,https://i.ibb.co/t3rqgMS/avatar-3058u.png,False,True,1.1,BattleMech,Skirmisher,BM,3,"8""j",0,6,3,0,3,False,3,False,2,False,0,False,0,36,"C3I,CASE,ECM,FLK1/1/1,MHQ2,OMNI",0,70,late-republic
6872,Gallant GLT-10-0,,Gallant,GLT-10-0,70,1555,Inner Sphere,11209120,Advanced,440,TR:3145,536,RS:3145,https://i.ibb.co/VtCdwyP/era06-republic-dark-age.png,3130,254,3101,https://i.ibb.co/PZN3scW/gallant-3075.png,False,True,1.0,BattleMech,Skirmisher,BM,3,"6""/10""j",0,7,4,0,4,False,3,False,1,False,0,False,0,39,"CASEII,IF0*,JMPS1,RCN,REL,RSD1",0,70,late-republic
7732,Archer ARC-9R,,Archer,ARC-9R,70,1668,Inner Sphere,13154940,Standard,539,RGv1,454,RG10,https://i.ibb.co/VtCdwyP/era06-republic-dark-age.png,3114,254,3101,https://i.ibb.co/j5VhJJF/archer-rg.png,False,True,1.0,BattleMech,Missile Boat,BM,3,"8""",0,7,4,0,2,False,3,False,2,False,0,False,0,37,"C3S,CASEII,IF2,MHQ1",0,70,late-republic
7567,Warhammer WHM-9K,,Warhammer,WHM-9K,70,1744,Inner Sphere,11254000,Standard,539,RGv1,442,RG07,https://i.ibb.co/VtCdwyP/era06-republic-dark-age.png,3105,254,3101,https://i.ibb.co/Mgn3hRd/warhammer-rg.png,False,True,1.0,BattleMech,Brawler,BM,3,"8""",0,7,4,0,4,False,4,False,4,False,0,False,0,40,"CASEII,IF1",0,70,late-republic
6512,Carronade CRN-7M,,Carronade,CRN-7M,70,1799,Inner Sphere,14237273,Standard,514,TR:DA,535,RS:DA,https://i.ibb.co/VtCdwyP/era06-republic-dark-age.png,3102,254,3101,https://i.ibb.co/6BzD77N/carronade-3145.png,True,True,1.0,BattleMech,Sniper,BM,3,"8""",0,7,3,0,4,False,4,False,3,False,0,False,0,36,"CASEII,FLK1/1/1",0,70,late-republic
9489,Viper VP-7,,Viper,VP-7,70,1864,Mixed,0,Standard,523,RG32,523,RG32,https://i.ibb.co/VtCdwyP/era06-republic-dark-age.png,3124,254,3101,https://i.ibb.co/SsMzz1s/viper-rg.png,False,True,1.0,BattleMech,Brawler,BM,3,"8""j",0,7,2,0,3,False,3,False,0,False,0,False,2,34,"ENE,PRB,RCN,REAR1/1/-",0,70,late-republic
8170,Lightning LHN-C5,,Lightning,LHN-C5,70,2024,Inner Sphere,0,Standard,472,RG14,472,RG14,https://i.ibb.co/VtCdwyP/era06-republic-dark-age.png,3119,254,3101,https://i.ibb.co/h98FkN5/lightning-rg.png,True,True,1.0,BattleMech,Sniper,BM,3,"10""",0,7,3,0,3,False,4,False,4,False,0,False,0,42,,0,70,late-republic
6873,Flamberge D,,Flamberge,D,70,2357,Mixed,18060092,Standard,463,TR:J,536,RS:3145,https://i.ibb.co/VtCdwyP/era06-republic-dark-age.png,3115,254,3101,https://i.ibb.co/3ptyy2b/flamberge-3085.png,False,True,1.0,BattleMech,Juggernaut,BM,3,"8""j",0,7,4,0,5,False,5,False,0,False,0,False,2,41,"CASE,HT1/1/-,OMNI,SRM1/1",0,70,late-republic
7731,Archer ARC-7C,,Archer,ARC-7C,70,2408,Mixed,17657107,Standard,539,RGv1,454,RG10,https://i.ibb.co/VtCdwyP/era06-republic-dark-age.png,3119,254,3101,https://i.ibb.co/j5VhJJF/archer-rg.png,True,True,1.0,BattleMech,Missile Boat,BM,3,"10""",0,7,3,0,5,False,5,False,4,False,0,False,0,49,"CASEII,IF2,REAR2/2/-",0,70,late-republic
9490,Viper VP-8,,Viper,VP-8,70,2679,Mixed,0,Standard,523,RG32,523,RG32,https://i.ibb.co/VtCdwyP/era06-republic-dark-age.png,3130,254,3101,https://i.ibb.co/SsMzz1s/viper-rg.png,False,True,1.0,BattleMech,Brawler,BM,3,"10""j",0,7,3,0,4,False,4,False,3,False,0,False,0,46,"ENE,PRB,RCN,REAR1/1/-",0,70,late-republic
7347,Penthesilea PEN-3H,,Penthesilea,PEN-3H,75,1666,Inner Sphere,10782625,Experimental,415,XTR:RotS 2,415,XTR:RotS 2,https://i.ibb.co/VtCdwyP/era06-republic-dark-age.png,3129,254,3101,https://i.ibb.co/ChrrYBc/penthesilea-3075.png,True,True,1.0,BattleMech,Juggernaut,BM,3,"6""j",0,8,8,0,4,False,4,False,0,False,0,False,1,42,CASEII,0,75,late-republic
7530,Marauder MAD-7C,,Marauder,MAD-7C,75,1810,Inner Sphere,16861250,Standard,539,RGv1,434,RG06,https://i.ibb.co/VtCdwyP/era06-republic-dark-age.png,3103,254,3101,https://i.ibb.co/rps20YY/marauder-rg.png,False,True,1.0,BattleMech,Sniper,BM,3,"8""",0,7,3,0,3,False,4,False,3,False,0,False,1,41,"C3S,CASEII,ECM,MHQ1",0,75,late-republic
7402,Tian-zong TNZ-N2 (Jasminda),,Tian-zong,TNZ-N2 (Jasminda),75,1826,Inner Sphere,0,Standard,421,TP:CC,421,TP:CC,https://i.ibb.co/VtCdwyP/era06-republic-dark-age.png,3111,254,3101,https://i.ibb.co/xHmzG8q/tian-zong-3145.png,True,True,1.0,BattleMech,Sniper,BM,3,"8""",0,7,3,0,3,False,3,False,3,False,0,False,1,39,"AECM,STL",0,75,late-republic
7532,Marauder MAD-7R,,Marauder,MAD-7R,75,1832,Inner Sphere,16458750,Standard,539,RGv1,434,RG06,https://i.ibb.co/VtCdwyP/era06-republic-dark-age.png,3103,254,3101,https://i.ibb.co/rps20YY/marauder-rg.png,True,True,1.0,BattleMech,Sniper,BM,3,"8""",0,7,3,0,3,False,4,False,3,False,0,False,1,38,"CASEII,ECM",0,75,late-republic
6466,Mortis MS-1A,,Mortis,MS-1A,75,1834,Inner Sphere,18410000,Advanced,440,TR:3145,536,RS:3145,https://i.ibb.co/VtCdwyP/era06-republic-dark-age.png,3109,254,3101,https://i.ibb.co/T4n6SBt/mortis-3150.png,True,True,1.0,BattleMech,Skirmisher,BM,3,"10""j",0,7,3,0,2,False,3,False,2,False,0,False,0,38,"IF0*,MEL",0,75,late-republic
6866,Marauder MAD-9D,,Marauder,MAD-9D,75,1967,Mixed,16810500,Advanced,440,TR:3145,536,RS:3145,https://i.ibb.co/VtCdwyP/era06-republic-dark-age.png,3125,254,3101,https://i.ibb.co/tLKcLs0/marauder-5l-pp.png,False,True,1.0,BattleMech,Brawler,BM,3,"8""",0,7,3,0,4,False,4,False,3,False,0,False,1,38,"FLK1/1/1,RHS",0,75,late-republic
6467,Mortis MS-1P,,Mortis,MS-1P,75,2198,Inner Sphere,19955250,Advanced,440,TR:3145,536,RS:3145,https://i.ibb.co/VtCdwyP/era06-republic-dark-age.png,3122,254,3101,https://i.ibb.co/T4n6SBt/mortis-3150.png,False,True,1.0,BattleMech,Skirmisher,BM,3,"10""j",0,7,3,0,2,False,1,False,0,True,0,False,0,35,"MEL,TSEMP1",0,75,late-republic
6350,Black Knight BLK-NT-4D,,Black Knight,BLK-NT-4D,75,2280,Mixed,17469375,Advanced,514,TR:DA,535,RS:DA,https://i.ibb.co/VtCdwyP/era06-republic-dark-age.png,3127,254,3101,https://i.ibb.co/cgLd4pB/black-knight-3145.png,False,True,1.0,BattleMech,Juggernaut,BM,3,"6""",0,7,3,0,5,False,5,False,2,False,0,False,2,44,"AECM,ENE,HT1/1/-,MEL,SHLD",0,75,late-republic
6867,Maelstrom MTR-7K,Maelstrom,Maelstrom,MTR-7K,75,2462,Mixed,25959500,Advanced,440,TR:3145,536,RS:3145,https://i.ibb.co/VtCdwyP/era06-republic-dark-age.png,3112,254,3101,https://i.ibb.co/hZykZLf/maelstrom-3058u.png,False,True,1.0,BattleMech,Skirmisher,BM,3,"12""",0,8,3,0,4,False,4,False,2,False,0,False,1,49,"C3BSS,ENE,MHQ2",0,75,late-republic
7791,Black Knight BL-18-KNT,,Black Knight,BL-18-KNT,75,2585,Mixed,13672750,Standard,456,RG12,456,RG12,https://i.ibb.co/VtCdwyP/era06-republic-dark-age.png,3130,254,3101,https://i.ibb.co/Fg8KWrd/black-knight-rg.png,True,True,1.0,BattleMech,Brawler,BM,3,"8""",0,7,4,0,5,False,5,False,4,False,0,False,3,47,"ENE,PRB,RCN",0,75,late-republic
7635,Mad Cat (Timber Wolf) BLO,,Mad Cat (Timber Wolf),BLO,75,2611,Mixed,25472891,Standard,436,TR:CI,448,SO:UF,https://i.ibb.co/VtCdwyP/era06-republic-dark-age.png,3129,254,3101,https://i.ibb.co/WtNS1pR/mad-cat-timber-wolf-rg.png,False,True,1.0,BattleMech,Skirmisher,BM,3,"10""",0,8,4,0,6,False,6,False,3,False,0,False,0,62,"C3I,CASE,LPRB,MHQ2,OMNI,RCN,TAG",0,75,late-republic
6574,Mad Cat Mk IV (Savage Wolf) PR,,Mad Cat Mk IV (Savage Wolf) PR,,75,2702,Clan,19377313,Standard,514,TR:DA,535,RS:DA,https://i.ibb.co/VtCdwyP/era06-republic-dark-age.png,3130,254,3101,https://i.ibb.co/4NXDzMT/mad-cat-mk-iv-savage-wolf-3145.png,False,True,1.0,BattleMech,Skirmisher,BM,3,"10""",0,8,4,0,5,False,5,False,3,False,0,False,1,51,"CASE,REAR2/2/-",0,75,late-republic
7403,Orion IIC (Burton),,Orion IIC,(Burton),75,2746,Clan,0,Standard,421,TP:CC,421,TP:CC,https://i.ibb.co/VtCdwyP/era06-republic-dark-age.png,3105,254,3101,https://i.ibb.co/MPV9nFF/orion-iic-3060.png,True,True,1.0,BattleMech,Sniper,BM,3,"8""j",0,8,4,0,5,False,4,False,5,False,0,False,2,49,"AMS,LPRB,RCN,FLK1/1/1,IF0*,CASE",0,75,late-republic
7518,Mad Cat (Timber Wolf) W,,Mad Cat (Timber Wolf),W,75,2791,Clan,32039219,Standard,433,RG05,433,RG05,https://i.ibb.co/VtCdwyP/era06-republic-dark-age.png,3100,254,3101,https://i.ibb.co/WtNS1pR/mad-cat-timber-wolf-rg.png,False,True,1.0,BattleMech,Juggernaut,BM,3,"12""",0,8,4,0,7,False,7,False,0,False,0,False,0,55,"CASE,OMNI",0,75,late-republic
7794,White Raven  ,Black Python,White Raven, ,75,2941,Clan,19422375,Advanced,539,RGv1,456,RG12,https://i.ibb.co/VtCdwyP/era06-republic-dark-age.png,3127,254,3101,"https://i.ibb.co/zPghpK6/viper-black-python-rg.png
",True,True,1.0,BattleMech,Skirmisher,BM,3,"10""j",0,8,4,0,6,False,6,False,3,False,0,False,1,56,"CASE,CR",0,75,late-republic
6954,Cave Lion,,Cave Lion,,75,3044,Clan,20578250,Advanced,514,TR:DA,535,RS:DA,https://i.ibb.co/VtCdwyP/era06-republic-dark-age.png,3122,254,3101,https://i.ibb.co/v3JNkxS/cave-lion-erda.png,True,True,1.0,BattleMech,Skirmisher,BM,3,"10""",0,6,4,0,5,False,5,False,4,False,0,False,2,50,"AECM,CASE,RFA",0,75,late-republic
8219,Ryoken II (Tassa),,Ryoken II,(Tassa),75,3103,Clan,0,Standard,481,A Call to Arms,482,RS:MWDA,https://i.ibb.co/VtCdwyP/era06-republic-dark-age.png,3129,254,3101,https://i.ibb.co/hXpGvSL/ryoken-ii-3075.png,True,True,1.0,BattleMech,Brawler,BM,3,"10""j",0,8,4,0,5,False,5,False,3,False,0,False,2,52,CASE,0,75,late-republic
7925,Hatamoto-Chi HTM-27T2,Hatamoto,Hatamoto-Chi,HTM-27T2,80,0,Inner Sphere,0,Unknown,415,XTR:RotS 2,192,None,https://i.ibb.co/VtCdwyP/era06-republic-dark-age.png,3114,254,3101,https://i.ibb.co/BKPsfV6/hatamoto-rg.png,False,True,1.0,BattleMech,None,,0,0,0,0,0,0,0,False,0,False,0,False,0,False,0,0,,0,80,late-republic
6860,Salamander PPR-7T,,Salamander,PPR-7T,80,1647,Inner Sphere,20613720,Advanced,440,TR:3145,536,RS:3145,https://i.ibb.co/VtCdwyP/era06-republic-dark-age.png,3111,254,3101,https://i.ibb.co/nQ0W8pM/salamander-3055u.png,False,True,1.0,BattleMech,Missile Boat,BM,4,"8""",0,8,4,0,1,False,3,False,3,False,0,False,0,41,"C3BSS,IF2,MHQ2",0,80,late-republic
7350,Hatamoto-Ku HTM-27W2,Hatamoto,Hatamoto-Ku,HTM-27W2,80,1699,Inner Sphere,9678720,Experimental,415,XTR:RotS 2,415,XTR:RotS 2,https://i.ibb.co/VtCdwyP/era06-republic-dark-age.png,3115,254,3101,https://i.ibb.co/BKPsfV6/hatamoto-rg.png,True,True,1.0,BattleMech,Brawler,BM,4,"8""",0,8,6,0,3,False,3,False,2,False,0,False,0,42,"CASEII,C3BSS,MHQ2",0,80,late-republic
7926,Hatamoto-Kaze HTM-27V2,Hatamoto,Hatamoto-Kaze,HTM-27V2,80,1725,Inner Sphere,0,Standard,441,TR:3150,467,RS:3150,https://i.ibb.co/VtCdwyP/era06-republic-dark-age.png,3115,254,3101,https://i.ibb.co/BKPsfV6/hatamoto-rg.png,False,True,1.0,BattleMech,Sniper,BM,4,"8""",0,8,6,0,4,False,3,False,3,False,0,False,0,44,"C3S,CASE,IF1,MHQ1",0,80,late-republic
8004,Striker STC-2L,,Striker,STC-2L,80,1779,Inner Sphere,0,Advanced,441,TR:3150,467,RS:3150,https://i.ibb.co/VtCdwyP/era06-republic-dark-age.png,3123,254,3101,https://i.ibb.co/TcTSh6W/striker-3058u.png,False,True,1.0,BattleMech,Juggernaut,BM,4,"8""",0,7,6,0,4,False,4,False,0,False,0,False,0,39,"ENE,FR,HT1/1/-",0,80,late-republic
6514,Neanderthal NTL-UG,,Neanderthal,NTL-UG,80,1817,Inner Sphere,22492140,Standard,440,TR:3145,536,RS:3145,https://i.ibb.co/VtCdwyP/era06-republic-dark-age.png,3124,254,3101,https://i.ibb.co/VWnvPZ2/neanderthal-3145.png,False,True,1.0,BattleMech,Skirmisher,BM,4,"10""",0,8,4,0,3,False,2,False,0,False,0,False,1,41,"ECM,ENE,MEL,TSM",0,80,late-republic
7755,Man O' War (Gargoyle) F,,Man O' War (Gargoyle),F,80,1894,Clan,26261063,Standard,455,RG11,540,RSFP:GDL,https://i.ibb.co/VtCdwyP/era06-republic-dark-age.png,3127,254,3101,https://i.ibb.co/t2wt40P/man-o-war-gargoyle-rg.png,False,True,1.0,BattleMech,Brawler,BM,4,"10""",0,7,4,0,4,False,4,False,2,False,0,False,0,43,"CASE,OMNI",0,80,late-republic
6858,Warhammer IIC 11,,Warhammer IIC,11,80,2021,Clan,9008400,Standard,440,TR:3145,536,RS:3145,https://i.ibb.co/VtCdwyP/era06-republic-dark-age.png,3124,254,3101,https://i.ibb.co/gFjgkjp/warhammer-iic-4-pp.png,False,True,1.0,BattleMech,Juggernaut,BM,4,"8""",0,8,6,0,7,False,7,False,0,False,0,False,0,48,CASE,0,80,late-republic
6513,Neanderthal NTL-AG,,Neanderthal,NTL-AG,80,2024,Inner Sphere,23439840,Advanced,440,TR:3145,536,RS:3145,https://i.ibb.co/VtCdwyP/era06-republic-dark-age.png,3128,254,3101,https://i.ibb.co/VWnvPZ2/neanderthal-3145.png,True,True,1.0,BattleMech,Juggernaut,BM,4,"10""",0,8,4,0,2,False,2,False,0,False,0,False,0,39,"ECM,MEL,TSM",0,80,late-republic
6630,Zeus-X ZEU-X4,,Zeus-X,ZEU-X4,80,2193,Inner Sphere,84124200,Advanced,514,TR:DA,535,RS:DA,https://i.ibb.co/VtCdwyP/era06-republic-dark-age.png,3119,254,3101,https://i.ibb.co/4MBTYdJ/zeus-x-3145.png,True,True,1.0,BattleMech,Sniper,BM,4,"10""",0,8,2,0,3,False,3,False,3,False,0,False,1,45,"CASEII,IF1,LRM1/1/1,RCA,MHQ1",0,80,late-republic
6679,Doloire DLR-OA,,Doloire,DLR-OA,80,2218,Mixed,24292500,Advanced,514,TR:DA,535,RS:DA,https://i.ibb.co/VtCdwyP/era06-republic-dark-age.png,3121,254,3101,https://i.ibb.co/9gMZ8Cq/doloire-3145.png,False,True,1.0,BattleMech,Juggernaut,BM,4,"8""",0,8,4,0,5,False,5,False,0,False,0,False,1,43,"CASEII,HT1/1/-,OMNI,RHS,SRM1/1",0,80,late-republic
6681,Doloire DLR-OC,,Doloire,DLR-OC,80,2242,Mixed,27375900,Advanced,514,TR:DA,535,RS:DA,https://i.ibb.co/VtCdwyP/era06-republic-dark-age.png,3121,254,3101,https://i.ibb.co/9gMZ8Cq/doloire-3145.png,False,True,1.0,BattleMech,Juggernaut,BM,4,"8""",0,8,4,0,7,False,7,False,2,False,0,False,1,59,"C3M,CASEII,IF1,MEL,MHQ5,OMNI,TAG",0,80,late-republic
7455,Zeus ZEU-11S,,Zeus,ZEU-11S,80,2280,Mixed,21567000,Standard,426,RG02,426,RG02,https://i.ibb.co/VtCdwyP/era06-republic-dark-age.png,3130,254,3101,https://i.ibb.co/GRNM37R/zeus-rg.png,True,True,1.0,BattleMech,Sniper,BM,4,"8""",0,8,4,0,5,False,5,False,4,False,0,False,0,48,"CASEII,IF1,PRB,REAR1/1/-,RCN",0,80,late-republic
6859,Warhammer IIC 10,,Warhammer IIC,10,80,2290,Clan,9323850,Standard,440,TR:3145,536,RS:3145,https://i.ibb.co/VtCdwyP/era06-republic-dark-age.png,3120,254,3101,https://i.ibb.co/gFjgkjp/warhammer-iic-4-pp.png,False,True,1.0,BattleMech,Sniper,BM,4,"8""",0,8,6,0,6,False,6,False,4,False,0,False,1,50,"CASE,SRM1/1",0,80,late-republic
7756,Man O' War (Gargoyle) I,,Man O' War (Gargoyle),I,80,2516,Clan,27572250,Standard,455,RG11,455,RG11,https://i.ibb.co/VtCdwyP/era06-republic-dark-age.png,3113,254,3101,https://i.ibb.co/t2wt40P/man-o-war-gargoyle-rg.png,False,True,1.0,BattleMech,Sniper,BM,4,"10""",0,7,4,0,4,False,4,False,3,False,0,False,3,46,"CASEII,OMNI",0,80,late-republic
6678,Doloire DLR-O,,Doloire,DLR-O,80,2561,Mixed,24420750,Advanced,514,TR:DA,535,RS:DA,https://i.ibb.co/VtCdwyP/era06-republic-dark-age.png,3121,254,3101,https://i.ibb.co/9gMZ8Cq/doloire-3145.png,False,True,1.0,BattleMech,Brawler,BM,4,"8""",0,8,4,0,5,False,6,False,4,False,0,False,0,49,"AECM,OMNI",0,80,late-republic
6857,Warhammer IIC 12,,Warhammer IIC,12,80,2680,Clan,83662500,Advanced,440,TR:3145,536,RS:3145,https://i.ibb.co/VtCdwyP/era06-republic-dark-age.png,3130,254,3101,https://i.ibb.co/tDXymYY/warhammer-iic-3085.png,False,True,1.0,BattleMech,Brawler,BM,4,"10""",0,8,3,0,5,False,5,False,3,False,0,False,2,53,"CASE,ECM,FR",0,80,late-republic
6861,Man O' War (Gargoyle) X,,Man O' War (Gargoyle),X,80,2800,Clan,28674750,Advanced,436,TR:CI,536,RS:3145,https://i.ibb.co/VtCdwyP/era06-republic-dark-age.png,3128,254,3101,https://i.ibb.co/t2wt40P/man-o-war-gargoyle-rg.png,False,True,1.0,BattleMech,Skirmisher,BM,4,"10""",0,7,4,0,5,False,5,False,1,False,0,False,1,52,"CASEII,OMNI,TSEMP1",0,80,late-republic
6680,Doloire DLR-OB,,Doloire,DLR-OB,80,2836,Mixed,23646750,Advanced,514,TR:DA,535,RS:DA,https://i.ibb.co/VtCdwyP/era06-republic-dark-age.png,3121,254,3101,https://i.ibb.co/9gMZ8Cq/doloire-3145.png,False,True,1.0,BattleMech,Brawler,BM,4,"8""",0,8,4,0,6,False,6,False,4,False,0,False,1,48,"CASEII,OMNI",0,80,late-republic
6682,Doloire DLR-OD,,Doloire,DLR-OD,80,3071,Mixed,35134800,Advanced,514,TR:DA,535,RS:DA,https://i.ibb.co/VtCdwyP/era06-republic-dark-age.png,3121,254,3101,https://i.ibb.co/9gMZ8Cq/doloire-3145.png,False,True,1.0,BattleMech,Skirmisher,BM,4,"10""",0,8,4,0,3,False,3,False,0,False,0,False,2,51,"CASEII,MEL,OMNI,TSEMP2",0,80,late-republic
8336,Longbow LGB-14V,,Longbow,LGB-14V,85,1763,Inner Sphere,0,Standard,539,RGv1,490,RG20,https://i.ibb.co/VtCdwyP/era06-republic-dark-age.png,3105,254,3101,https://i.ibb.co/x6pd5tC/longbow-rg.png,True,True,1.0,BattleMech,Brawler,BM,4,"8""",0,9,4,0,4,False,4,False,2,False,0,False,0,42,"CASEII,IF1,REAR1/1/-",0,85,late-republic
8347,Longbow LGB-14Q,,Longbow,LGB-14Q,85,1828,Inner Sphere,0,Standard,539,RGv1,490,RG20,https://i.ibb.co/VtCdwyP/era06-republic-dark-age.png,3103,254,3101,https://i.ibb.co/x6pd5tC/longbow-rg.png,False,True,1.0,BattleMech,Missile Boat,BM,4,"8""",0,9,4,0,4,False,4,False,3,False,0,False,1,46,"CASEII,IF3,LRM1/3/3,REAR1/1/-",0,85,late-republic
7978,BattleMaster BLR-6M,,BattleMaster,BLR-6M,85,1958,Inner Sphere,0,Advanced,441,TR:3150,467,RS:3150,https://i.ibb.co/VtCdwyP/era06-republic-dark-age.png,3120,254,3101,https://i.ibb.co/qRn37k9/battlemaster-blr-5m-pp.png,False,True,1.0,BattleMech,Sniper,BM,4,"8""",0,8,7,0,3,False,4,False,3,False,0,False,1,47,"CASE,IF2,MHQ1",0,85,late-republic
6356,Templar III TLR2-OC,,Templar III,TLR2-OC,85,1993,Inner Sphere,27245297,Advanced,441,TR:3150,467,RS:3150,https://i.ibb.co/VtCdwyP/era06-republic-dark-age.png,3120,254,3101,https://i.ibb.co/7QdYNjf/templar-iii-3150.png,False,True,1.0,BattleMech,Brawler,BM,4,"8""",0,9,5,0,5,False,5,False,0,False,0,False,1,45,"CASE,OMNI",0,85,late-republic
6471,Lu Wei Bing LN-4B,,Lu Wei Bing,LN-4B,85,2045,Inner Sphere,19426018,Standard,441,TR:3150,467,RS:3150,https://i.ibb.co/VtCdwyP/era06-republic-dark-age.png,3110,254,3101,https://i.ibb.co/JHKH2Vd/lu-wei-bing-3150.png,True,True,1.0,BattleMech,Brawler,BM,4,"8""j",0,9,5,0,3,False,3,False,2,False,0,False,0,44,"AECM,ARM,CASEII,FLK1/1/-,IF0*",0,85,late-republic
6357,Templar III TLR2-OD,,Templar III,TLR2-OD,85,2108,Mixed,27795094,Advanced,441,TR:3150,467,RS:3150,https://i.ibb.co/VtCdwyP/era06-republic-dark-age.png,3120,254,3101,https://i.ibb.co/7QdYNjf/templar-iii-3150.png,False,True,1.0,BattleMech,Brawler,BM,4,"8""",0,9,5,0,4,False,4,False,3,False,0,False,1,45,"CASE,FLK1/1/1,OMNI,REL",0,85,late-republic
9404,BattleMaster BLR-6R,,BattleMaster,BLR-6R,85,2181,Mixed,0,Standard,539,RGv1,431,RG03,https://i.ibb.co/VtCdwyP/era06-republic-dark-age.png,3104,254,3101,https://i.ibb.co/Jy1FLdL/battlemaster-rg.png,False,True,1.0,BattleMech,Brawler,BM,4,"8""",0,8,5,0,5,False,5,False,4,False,0,False,1,46,"CASEII,REAR2/2/-",0,85,late-republic
8428,Katana (Crockett) CRK-5006-1,Crockett,Katana (Crockett),CRK-5006-1,85,2363,Inner Sphere,0,Standard,493,RG23,493,RG23,https://i.ibb.co/VtCdwyP/era06-republic-dark-age.png,3108,254,3101,https://i.ibb.co/Y2Xz4hw/crockett-rg.png,True,True,1.0,BattleMech,Skirmisher,BM,4,"6""/10""j",0,7,7,0,4,False,5,False,3,False,0,False,1,48,"CASEII,JMPS1",0,85,late-republic
6856,Deimos D,,Deimos,D,85,2682,Clan,24728719,Standard,463,TR:J,536,RS:3145,https://i.ibb.co/VtCdwyP/era06-republic-dark-age.png,3119,254,3101,https://i.ibb.co/hYkkN7N/deimos-3085.png,False,True,1.0,BattleMech,Sniper,BM,4,"8""",0,8,5,0,6,False,6,False,6,False,0,False,1,52,"AMS,CASE,OMNI",0,85,late-republic
8338,Masakari (Warhawk) G,,Masakari (Warhawk),G,85,2909,Clan,0,Standard,490,RG20,490,RG20,https://i.ibb.co/VtCdwyP/era06-republic-dark-age.png,3114,254,3101,https://i.ibb.co/D4qRft6/masakari-warhawk-rg.png,False,True,1.0,BattleMech,Juggernaut,BM,4,"10""",0,9,5,0,6,False,6,False,0,False,0,False,1,56,"CASE,FLK1/1/-,OMNI",0,85,late-republic
8340,Masakari (Warhawk) L,,Masakari (Warhawk),L,85,3695,Clan,0,Standard,490,RG20,490,RG20,https://i.ibb.co/VtCdwyP/era06-republic-dark-age.png,3121,254,3101,https://i.ibb.co/D4qRft6/masakari-warhawk-rg.png,False,True,1.0,BattleMech,Brawler,BM,4,"10""",0,9,5,0,6,False,5,False,4,False,0,False,0,61,"CASEII,ECM,LPRB,OMNI,RCN,WAT",0,85,late-republic
6516,Juliano JLN-5A,,Juliano,JLN-5A,90,2105,Mixed,25094250,Advanced,514,TR:DA,535,RS:DA,https://i.ibb.co/VtCdwyP/era06-republic-dark-age.png,3116,254,3101,https://i.ibb.co/Lr6ykMd/juliano-3150.png,True,True,1.0,BattleMech,Brawler,BM,4,"8""",0,9,4,0,5,False,5,False,3,False,0,False,4,48,"ARM,CASEII",0,90,late-republic
7733,Highlander HGN-740,,Highlander,HGN-740,90,2232,Inner Sphere,9895580,Standard,454,RG10,529,RSFP:NWH,https://i.ibb.co/VtCdwyP/era06-republic-dark-age.png,3115,254,3101,https://i.ibb.co/Nr9LwY8/highlander-rg.png,True,True,1.0,BattleMech,Sniper,BM,4,"6""j",0,9,7,0,4,False,5,False,3,False,0,False,0,49,"CASEII,IF1",0,90,late-republic
6849,Mad Cat Mk II 5,,Mad Cat Mk II,5,90,2491,Clan,25960650,Standard,440,TR:3145,536,RS:3145,https://i.ibb.co/VtCdwyP/era06-republic-dark-age.png,3109,254,3101,https://i.ibb.co/LR5zcDM/mad-cat-mk-ii-3067.png,False,True,1.0,BattleMech,Brawler,BM,4,"8""/12""j",0,9,5,0,4,False,5,False,2,False,0,False,0,52,"CASE,JMPS1,LPRB,RCN,",0,90,late-republic
6422,Tenshi TN-10-OA,,Tenshi,TN-10-OA,95,1829,Inner Sphere,25704656,Standard,514,TR:DA,535,RS:DA,https://i.ibb.co/VtCdwyP/era06-republic-dark-age.png,3101,254,3101,https://i.ibb.co/X8gwDcv/tenshi-3145.png,False,True,1.0,BattleMech,Juggernaut,BM,4,"6""",0,10,5,0,6,False,4,False,0,False,0,False,1,45,"CASEII,OMNI",0,95,late-republic
9507,Albatross ALB-6U,,Albatross,ALB-6U,95,2162,Inner Sphere,0,Standard,538,Shrap13,464,ShrapRS,https://i.ibb.co/VtCdwyP/era06-republic-dark-age.png,3118,254,3101,https://i.ibb.co/hgJtyYB/albatross-3055u.png,True,True,1.0,BattleMech,Brawler,BM,4,"8""",0,10,2,0,5,False,5,False,3,False,0,False,1,47,"CASEII,IF1",0,95,late-republic
7983,Cerberus MR-7K,,Cerberus,MR-7K,95,2182,Inner Sphere,0,Advanced,441,TR:3150,467,RS:3150,https://i.ibb.co/VtCdwyP/era06-republic-dark-age.png,3121,254,3101,https://i.ibb.co/8BRmWHf/cerberus-3055u.png,False,True,1.0,BattleMech,Sniper,BM,4,"8""",0,6,4,0,6,False,6,False,3,False,0,False,0,45,"ABA,C3S,MHQ1",0,95,late-republic
6838,Hauptmann HA1-OM,,Hauptmann,HA1-OM,95,2214,Inner Sphere,18984469,Advanced,463,TR:J,536,RS:3145,https://i.ibb.co/VtCdwyP/era06-republic-dark-age.png,3120,254,3101,https://i.ibb.co/jgM9rfW/hauptmann-3060.png,False,True,1.0,BattleMech,Missile Boat,BM,4,"6""",0,10,8,0,3,False,5,False,5,False,0,False,0,63,"C3BSM,CASE,IF3,LRM1/3/3,MHQ6,OMNI,TAG",0,95,late-republic
6424,Tenshi TN-10-OR,,Tenshi,TN-10-OR,95,2237,Mixed,25426781,Standard,514,TR:DA,535,RS:DA,https://i.ibb.co/VtCdwyP/era06-republic-dark-age.png,3101,254,3101,https://i.ibb.co/X8gwDcv/tenshi-3145.png,False,True,1.0,BattleMech,Missile Boat,BM,4,"6""",0,10,5,0,3,False,4,False,3,False,0,False,2,48,"IF2,OMNI",0,95,late-republic
6844,Banshee BNC-9S2,,Banshee,BNC-9S2,95,2426,Inner Sphere,17929470,Advanced,440,TR:3145,536,RS:3145,https://i.ibb.co/VtCdwyP/era06-republic-dark-age.png,3109,254,3101,https://i.ibb.co/GT7VY78/banshee-rg.png,False,True,1.0,BattleMech,Sniper,BM,4,"6""",0,10,5,0,4,False,5,False,5,False,0,False,0,54,"C3BSS,CASE,MHQ2",0,95,late-republic
6834,Trebaruna TR-XH,,Trebaruna,TR-XH,95,2453,Inner Sphere,22147125,Advanced,440,TR:3145,536,RS:3145,https://i.ibb.co/VtCdwyP/era06-republic-dark-age.png,3115,254,3101,https://i.ibb.co/R7KQLwb/trebaruna-3085.png,False,True,1.0,BattleMech,Sniper,BM,4,"4""/8""j",0,14,2,0,3,False,4,False,4,False,0,False,0,50,"CR,JMPS1,TUR(1/1/1)",0,95,late-republic
6421,Tenshi TN-10-O,,Tenshi,TN-10-O,95,2542,Inner Sphere,31140281,Standard,514,TR:DA,535,RS:DA,https://i.ibb.co/VtCdwyP/era06-republic-dark-age.png,3101,254,3101,https://i.ibb.co/X8gwDcv/tenshi-3145.png,True,True,1.0,BattleMech,Sniper,BM,4,"8""",0,10,5,0,4,False,5,False,5,False,0,False,0,52,"ECM,OMNI",0,95,late-republic
6293,Shrike 2,,Shrike,2,95,2846,Clan,26904670,Advanced,514,TR:DA,535,RS:DA,https://i.ibb.co/VtCdwyP/era06-republic-dark-age.png,3115,254,3101,https://i.ibb.co/zsRTV8W/shrike-3145.png,False,True,1.0,BattleMech,Skirmisher,BM,4,"8""/10""j",0,10,5,0,5,False,5,False,4,False,0,False,0,55,"CASE,IF1,JMPS1",0,95,late-republic
6836,Peacekeeper PKP-2K,,Peacekeeper,PKP-2K,95,2863,Inner Sphere,33935200,Advanced,440,TR:3145,536,RS:3145,https://i.ibb.co/VtCdwyP/era06-republic-dark-age.png,3116,254,3101,https://i.ibb.co/0nzLQFM/peacekeeper-3085.png,False,True,1.0,BattleMech,Sniper,BM,4,"8""/6""j",0,9,4,0,3,False,3,False,3,False,0,False,2,47,"ABA,C3EM,C3S,ENE,MHQ2,TSM",0,95,late-republic
7712,Gladiator (Executioner) J,,Gladiator (Executioner),J,95,2891,Clan,36432134,Standard,453,RG09,453,RG09,https://i.ibb.co/VtCdwyP/era06-republic-dark-age.png,3104,254,3101,https://i.ibb.co/Mfdfgzk/gladiator-executioner-rg.png,False,True,1.0,BattleMech,Juggernaut,BM,4,"10""/8""j",0,9,5,0,6,False,5,False,3,False,0,False,0,55,"CASE,FLK3/2/2,JMPW1,OMNI,SRM3/3/-",0,95,late-republic
6292,Shrike  ,,Shrike, ,95,2969,Clan,26783770,Advanced,514,TR:DA,535,RS:DA,https://i.ibb.co/VtCdwyP/era06-republic-dark-age.png,3113,254,3101,https://i.ibb.co/zsRTV8W/shrike-3145.png,True,True,1.0,BattleMech,Sniper,BM,4,"8""/10""j",0,10,5,0,4,False,4,False,4,False,0,False,1,53,"CASE,IF1,JMPS1,OVL",0,95,late-republic
6423,Tenshi TN-10-OB,,Tenshi,TN-10-OB,95,3002,Inner Sphere,26823469,Advanced,514,TR:DA,535,RS:DA,https://i.ibb.co/VtCdwyP/era06-republic-dark-age.png,3101,254,3101,https://i.ibb.co/X8gwDcv/tenshi-3145.png,False,True,1.0,BattleMech,Juggernaut,BM,4,"6""j",0,10,5,0,4,False,4,False,2,False,0,False,2,56,"OMNI,TSEMP2",0,95,late-republic
7713,Gladiator (Executioner) L,,Gladiator (Executioner),L,95,3132,Clan,37653322,Standard,453,RG09,453,RG09,https://i.ibb.co/VtCdwyP/era06-republic-dark-age.png,3119,254,3101,https://i.ibb.co/Mfdfgzk/gladiator-executioner-rg.png,False,True,1.0,BattleMech,Sniper,BM,4,"10""/8""j",0,9,5,0,5,False,5,False,5,False,0,False,0,56,"CASEII,JMPW1,OMNI",0,95,late-republic
6840,Gladiator (Executioner) I,,Gladiator (Executioner),I,95,3339,Clan,46148009,Standard,453,RG09,453,RG09,https://i.ibb.co/VtCdwyP/era06-republic-dark-age.png,3101,254,3101,https://i.ibb.co/Mfdfgzk/gladiator-executioner-rg.png,False,True,1.0,BattleMech,Skirmisher,BM,4,"12""/8""j",0,9,5,0,6,False,6,False,0,False,0,False,0,58,"CASE,ECM,OMNI,JMPW1",0,95,late-republic
6294,Shrike 3,,Shrike,3,95,3698,Clan,27080170,Advanced,514,TR:DA,535,RS:DA,https://i.ibb.co/VtCdwyP/era06-republic-dark-age.png,3116,254,3101,https://i.ibb.co/zsRTV8W/shrike-3145.png,False,True,1.0,BattleMech,Sniper,BM,4,"8""/10""j",0,10,5,0,4,False,4,False,4,False,0,False,3,54,"CASE,IF0*,JMPS1,OVL",0,95,late-republic
6826,Titan TI-1Ar,TItan,Titan,TI-1Ar,100,2165,Inner Sphere,10572000,Standard,440,TR:3145,536,RS:3145,https://i.ibb.co/VtCdwyP/era06-republic-dark-age.png,3123,254,3101,https://i.ibb.co/XtDyHCT/titan-3075.png,False,True,1.0,BattleMech,Juggernaut,BM,4,"6""",0,10,8,0,5,False,5,False,3,False,0,False,4,54,"CASE,SRM2/2",0,100,late-republic
6635,King Crab KGC-009,,King Crab,KGC-009,100,2260,Inner Sphere,15562000,Standard,441,TR:3150,467,RS:3150,https://i.ibb.co/VtCdwyP/era06-republic-dark-age.png,3104,254,3101,https://i.ibb.co/jkVW2W7/king-crab-3150.png,True,True,1.0,BattleMech,Juggernaut,BM,4,"6""",0,10,8,0,5,False,5,False,1,False,0,False,1,55,"CASE,ECM,HT1/1/-,IF1",0,100,late-republic
6827,Titan TI-1Aj,Titan,Titan,TI-1Aj,100,2328,Inner Sphere,11012000,Standard,440,TR:3145,536,RS:3145,https://i.ibb.co/VtCdwyP/era06-republic-dark-age.png,3123,254,3101,https://i.ibb.co/XtDyHCT/titan-3075.png,False,True,1.0,BattleMech,Juggernaut,BM,4,"6""j",0,10,8,0,5,False,5,False,2,False,0,False,4,54,"CASE,SRM2/2",0,100,late-republic
8243,Kraken (Bane) 6,,Kraken (Bane),6,100,2339,Clan,0,Standard,539,RGv1,475,RG17,https://i.ibb.co/VtCdwyP/era06-republic-dark-age.png,3110,254,3101,https://i.ibb.co/JFDSp3T/kraken-bane-rg.png,False,True,1.0,BattleMech,Sniper,BM,4,"6""",0,10,5,0,5,False,5,False,3,False,0,False,1,51,"AC2/2/2,CASEII,ECM",0,100,late-republic
8242,Kraken (Bane) 5,,Kraken (Bane),5,100,2554,Clan,0,Standard,539,RGv1,475,RG17,https://i.ibb.co/VtCdwyP/era06-republic-dark-age.png,3105,254,3101,https://i.ibb.co/JFDSp3T/kraken-bane-rg.png,False,True,1.0,BattleMech,Sniper,BM,4,"6""",0,10,5,0,5,False,5,False,5,False,0,False,1,55,"CASEII,ECM,IF1,LRM1/1/1,OVL",0,100,late-republic
8436,Atlas AS7-S4,,Atlas,AS7-S4,100,2568,Inner Sphere,0,Standard,539,RGv1,494,RG24,https://i.ibb.co/VtCdwyP/era06-republic-dark-age.png,3109,254,3101,https://i.ibb.co/VtHKQ7Q/atlas-rg.png,False,True,1.0,BattleMech,Sniper,BM,4,"6""",0,10,8,0,4,False,4,False,4,False,0,False,1,55,"CASEII,ECM,STL",0,100,late-republic
6824,Xanthos XNT-7O,,Xanthos,XNT-7O,100,2620,Mixed,30995333,Standard,440,TR:3145,536,RS:3145,https://i.ibb.co/VtCdwyP/era06-republic-dark-age.png,3119,254,3101,https://i.ibb.co/6vSJjBt/xanthos-3075.png,False,True,1.0,BattleMech,Brawler,BM,4,"8""",0,11,4,0,6,False,6,False,3,False,0,False,0,53,CASEII,0,100,late-republic
6831,Berserker BRZ-D4,,Berserker,BRZ-D4,100,2659,Mixed,35986333,Advanced,440,TR:3145,536,RS:3145,https://i.ibb.co/VtCdwyP/era06-republic-dark-age.png,3112,254,3101,https://i.ibb.co/GR5QBf2/berserker-3055u.png,False,True,1.0,BattleMech,Juggernaut,BM,4,"8""j",0,10,5,0,4,False,4,False,0,False,0,False,0,50,"AECM,ARM,ENE,IRA,MEL,TSM",0,100,late-republic
7449,Behemoth (Stone Rhino) 8,Behemoth (Stone Rhino),Behemoth (Stone Rhino),8,100,2804,Clan,10352000,Advanced,539,RGv1,426,RG02,https://i.ibb.co/VtCdwyP/era06-republic-dark-age.png,3128,254,3101,https://i.ibb.co/zZ0Yrzp/behemoth-stone-rhino-rg.png,False,True,1.0,BattleMech,Sniper,BM,4,"6""",0,10,8,0,5,False,6,False,6,False,0,False,0,57,CASE,0,100,late-republic
6833,Daishi (Dire Wolf) E,,Daishi (Dire Wolf),E,100,2814,Clan,31377500,Standard,471,RG13,471,RG13,https://i.ibb.co/VtCdwyP/era06-republic-dark-age.png,3103,254,3101,https://i.ibb.co/X37BW2R/daishi-dire-wolf-rg.png,False,True,1.0,BattleMech,Juggernaut,BM,4,"6""",0,10,5,0,8,False,8,False,3,False,0,False,1,63,"CASEII,ECM,FLK1/1/1,LPRB,OMNI,RCN,WAT",0,100,late-republic
6359,Atlas III AS7-D2,,Atlas III,AS7-D2,100,2890,Mixed,14254000,Standard,514,TR:DA,535,RS:DA,https://i.ibb.co/VtCdwyP/era06-republic-dark-age.png,3110,254,3101,https://i.ibb.co/vHBc333/atlas-iii-3145.png,False,True,1.0,BattleMech,Juggernaut,BM,4,"6""",0,10,8,0,7,False,7,False,4,False,0,False,0,62,"AECM,ARM,CASEII,FLK2/2/2",0,100,late-republic
8244,Kraken (Bane) 7,,Kraken (Bane),7,100,3740,Clan,0,Standard,539,RGv1,475,RG17,https://i.ibb.co/VtCdwyP/era06-republic-dark-age.png,3122,254,3101,https://i.ibb.co/JFDSp3T/kraken-bane-rg.png,False,True,1.0,BattleMech,Sniper,BM,4,"6""",0,10,5,0,6,False,6,False,6,False,0,False,3,56,"CASE,FLK3/3/5",0,100,late-republic
7997,Omega SHP-5R,,Omega,SHP-5R,150,2753,Inner Sphere,0,Advanced,441,TR:3150,467,RS:3150,https://i.ibb.co/VtCdwyP/era06-republic-dark-age.png,3103,254,3101,https://i.ibb.co/Zc6DDYz/omega-jfr.png,False,True,1.0,BattleMech,Sniper,BM,4,"4""",0,14,6,0,5,False,6,False,6,False,0,False,0,62,"C3S,CASEII,ECM,FLK1/1/1,LG,MHQ1",0,150,late-republic
7356,Orca OC-1X,,Orca,OC-1X,200,3357,Inner Sphere,77575000,Experimental,415,XTR:RotS 2,415,XTR:RotS 2,https://i.ibb.co/VtCdwyP/era06-republic-dark-age.png,3103,254,3101,https://i.ibb.co/XV30pmS/orca-xtr.png,True,True,1.0,BattleMech,Sniper,BM,4,"4""",0,19,9,0,4,False,4,False,4,False,0,False,3,73,"ARTSC-1,CASEII,ECM,IF1,LG,OVL",0,200,late-republic
