Id,Name,GroupName,Class,Variant,Tonnage,BattleValue,Technology,Cost,Rules,TROId,TRO,RSId,RS,EraIcon,DateIntroduced,EraId,EraStart,ImageUrl,IsFeatured,IsPublished,Release,Type,Role,BFType,BFSize,BFMove,BFTMM,BFArmor,BFStructure,BFThreshold,BFDamageShort,BFDamageShortMin,BFDamageMedium,BFDamageMediumMin,BFDamageLong,BFDamageLongMin,BFDamageExtreme,BFDamageExtemeMin,BFOverheat,BFPointValue,BFAbilities,Skill,FormatedTonnage,Availability Era,Faction
3519,Wasp WSP-1,,Wasp,WSP-1,20,314,Primitive,1172520,Experimental,276,XTR:Primitives II,276,XTR:Primitives II,https://i.ibb.co/fr2Wdf0/era01-age-of-war-star-league.png,2464,9,2005,https://i.ibb.co/ZXVpwd6/wasp-prim.png,True,True,1.0,BattleMech,Scout,BM,1,"10""j",0,1,2,0,1,False,1,False,0,False,0,False,0,11,ENE,0,20,late-republic,pg
3065,Stinger STG-5T,,Stinger,STG-5T,20,341,Inner Sphere,4412640,Standard,178,BattleCorps,266,RS:3085u-PP,https://i.ibb.co/4jf2wfz/era05-jihad.png,3068,14,3068,https://i.ibb.co/vHNbLn3/stinger-5r-pp.png,False,True,1.0,BattleMech,Scout,BM,1,"12""j",0,2,1,0,1,False,1,False,0,True,0,False,0,14,IF0*,0,20,late-republic,pg
3061,Stinger STG-3R,,Stinger,STG-3R,20,359,Inner Sphere,1615440,Introductory,180,TR:3039,510,RSFP:Wave 1,https://i.ibb.co/fr2Wdf0/era01-age-of-war-star-league.png,2479,9,2005,https://i.ibb.co/0KwFP6Y/stinger-rg.png,True,True,1.0,BattleMech,Scout,BM,1,"12""j",0,2,2,0,1,False,1,False,0,False,0,False,0,14,,0,20,late-republic,pg
1138,Flea FLE-19,,Flea,FLE-19,20,381,Inner Sphere,1483500,Standard,231,TR:3050U,200,RS:3050Uu-I,https://i.ibb.co/4jf2wfz/era05-jihad.png,3068,14,3068,https://i.ibb.co/1QgVGj3/flea-rg.png,False,True,1.0,BattleMech,Striker,BM,1,"12""",0,2,2,0,2,False,1,False,0,True,0,False,0,15,,0,20,late-republic,pg
3520,Wasp WSP-1A,,Wasp,WSP-1A,20,384,Inner Sphere,1646640,Introductory,180,TR:3039,510,RSFP:Wave 1,https://i.ibb.co/fr2Wdf0/era01-age-of-war-star-league.png,2471,9,2005,https://i.ibb.co/0XxvcQF/wasp-rg.png,True,True,1.0,BattleMech,Scout,BM,1,"12""j",0,2,2,0,1,False,1,False,0,False,0,False,0,14,,0,20,late-republic,pg
3528,Wasp WSP-3M,,Wasp,WSP-3M,20,394,Inner Sphere,1783440,Standard,539,RGv1,432,RG04,https://i.ibb.co/k6ySqKN/era03-clan-invasion.png,3051,13,3050,https://i.ibb.co/0XxvcQF/wasp-rg.png,False,True,1.0,BattleMech,Scout,BM,1,"12""j",0,1,2,0,1,False,1,False,0,False,0,False,0,12,CASE,0,20,late-republic,pg
1901,Locust LCT-1V,,Locust,LCT-1V,20,432,Inner Sphere,1512400,Introductory,422,TR:SW,510,RSFP:Wave 1,https://i.ibb.co/fr2Wdf0/era01-age-of-war-star-league.png,2499,9,2005,https://i.ibb.co/J2R4dnD/locust-rg.png,True,True,1.0,BattleMech,Scout,BM,1,"16""",0,2,2,0,1,False,1,False,0,False,0,False,0,18,,0,20,late-republic,pg
3060,Stinger STG-3P,,Stinger,STG-3P,20,489,Inner Sphere,1775040,Standard,202,TR:3085,266,RS:3085u-PP,https://i.ibb.co/4jf2wfz/era05-jihad.png,3068,14,3068,https://i.ibb.co/4mbR2xN/stinger-3085.png,True,True,1.0,BattleMech,Scout,BM,1,"12""j",0,2,2,0,0,True,1,False,1,False,0,False,0,14,ENE,0,20,late-republic,pg
1907,Locust LCT-3V,,Locust,LCT-3V,20,490,Inner Sphere,1553800,Introductory,422,TR:SW,423,RS:SW,https://i.ibb.co/MB09bVm/era02-succession-wars.png,3004,255,2901,https://i.ibb.co/J2R4dnD/locust-rg.png,False,True,1.0,BattleMech,Scout,BM,1,"16""",0,2,2,0,2,False,1,False,0,False,0,False,0,19,,0,20,late-republic,pg
3064,Stinger STG-5R,,Stinger,STG-5R,20,492,Inner Sphere,3831840,Standard,436,TR:CI,437,RS:CI,https://i.ibb.co/QjhjKwr/era04-civil-war.png,3067,247,3062,https://i.ibb.co/vHNbLn3/stinger-5r-pp.png,True,True,1.0,BattleMech,Scout,BM,1,"12""j",0,2,2,0,1,False,1,False,0,False,0,False,0,14,ENE,0,20,late-republic,pg
3058,Stinger STG-3G,,Stinger,STG-3G,20,497,Inner Sphere,1662240,Introductory,180,TR:3039,241,RS:3039u,https://i.ibb.co/fr2Wdf0/era01-age-of-war-star-league.png,2581,10,2571,https://i.ibb.co/0KwFP6Y/stinger-rg.png,False,True,1.0,BattleMech,Scout,BM,1,"12""j",0,2,2,0,1,False,1,False,0,False,0,False,0,14,ENE,0,20,late-republic,pg
8125,Stinger STG-6G,,Stinger,STG-6G,20,503,Inner Sphere,0,Standard,539,RGv1,471,RG13,https://i.ibb.co/VtCdwyP/era06-republic-dark-age.png,3103,254,3101,https://i.ibb.co/0KwFP6Y/stinger-rg.png,True,True,1.0,BattleMech,Scout,BM,1,"14""j",0,2,1,0,2,False,1,False,0,False,0,False,0,18,,0,20,late-republic,pg
1137,Flea FLE-17,,Flea,FLE-17,20,510,Inner Sphere,1728000,Standard,422,TR:SW,423,RS:SW,https://i.ibb.co/k6ySqKN/era03-clan-invasion.png,3049,13,3050,https://i.ibb.co/1QgVGj3/flea-rg.png,False,True,1.0,BattleMech,Striker,BM,1,"16""",0,2,2,0,2,False,2,False,0,False,0,False,0,23,"ENE,REAR1/-/-",0,20,late-republic,pg
7495,Wasp WSP-5A,,Wasp,WSP-5A,20,517,Inner Sphere,3192640,Standard,539,RGv1,432,RG04,https://i.ibb.co/VtCdwyP/era06-republic-dark-age.png,3114,254,3101,https://i.ibb.co/0XxvcQF/wasp-rg.png,True,True,1.0,BattleMech,Scout,BM,1,"16""j",0,2,1,0,1,False,1,False,0,False,0,False,0,17,CASEII,0,20,late-republic,pg
6950,Wasp WSP-3P,,Wasp,WSP-3P,20,537,Inner Sphere,3872720,Standard,440,TR:3145,536,RS:3145,https://i.ibb.co/VtCdwyP/era06-republic-dark-age.png,3086,15,3081,https://i.ibb.co/rkZXR1P/wasp-3l-pp.png,False,True,1.0,BattleMech,Scout,BM,1,"14""j",0,2,2,0,1,False,1,False,0,True,0,False,0,19,ENE,0,20,late-republic,pg
1897,Locust LCT-1E,,Locust,LCT-1E,20,553,Inner Sphere,1574200,Introductory,422,TR:SW,510,RSFP:Wave 1,https://i.ibb.co/MB09bVm/era02-succession-wars.png,2811,11,2781,https://i.ibb.co/J2R4dnD/locust-rg.png,False,True,1.0,BattleMech,Scout,BM,1,"16""",0,2,2,0,2,False,1,False,0,False,0,False,0,19,ENE,0,20,late-republic,pg
1910,Locust LCT-5V,,Locust,LCT-5V,20,665,Inner Sphere,1801600,Standard,436,TR:CI,266,RS:3085u-PP,https://i.ibb.co/4jf2wfz/era05-jihad.png,3068,14,3068,https://i.ibb.co/KKgJZ99/locust-5v-pp.png,False,True,1.0,BattleMech,Striker,BM,1,"16""",0,2,2,0,2,False,2,False,0,True,0,False,0,24,ENE,0,20,late-republic,pg
672,Commando COM-3A,,Commando,COM-3A,25,540,Inner Sphere,1879375,Introductory,422,TR:SW,510,RSFP:Wave 1,https://i.ibb.co/MB09bVm/era02-succession-wars.png,3025,256,3020,https://i.ibb.co/tcxdcYf/commando-rg.png,False,True,1.0,BattleMech,Striker,BM,1,"12""",0,2,2,0,2,False,2,False,0,False,0,False,0,17,SRM1/1,0,25,late-republic,pg
670,Commando COM-2D,,Commando,COM-2D,25,541,Inner Sphere,1891250,Introductory,422,TR:SW,510,RSFP:Wave 1,https://i.ibb.co/fr2Wdf0/era01-age-of-war-star-league.png,2486,9,2005,https://i.ibb.co/tcxdcYf/commando-rg.png,True,True,1.0,BattleMech,Striker,BM,1,"12""",0,2,2,0,2,False,2,False,0,False,0,False,0,17,SRM1/1,0,25,late-republic,pg
674,Commando COM-5S,,Commando,COM-5S,25,557,Inner Sphere,2220000,Standard,231,TR:3050U,510,RSFP:Wave 1,https://i.ibb.co/k6ySqKN/era03-clan-invasion.png,3050,13,3050,https://i.ibb.co/tcxdcYf/commando-rg.png,True,True,1.0,BattleMech,Striker,BM,1,"12""",0,2,2,0,2,False,2,False,0,False,0,False,0,17,CASE,0,25,late-republic,pg
671,Commando COM-2Dr,,Commando,COM-2Dr,25,563,Inner Sphere,1963750,Standard,202,TR:3085,257,RS:3085u-ONN,https://i.ibb.co/4jf2wfz/era05-jihad.png,3075,14,3068,https://i.ibb.co/tcxdcYf/commando-rg.png,False,True,1.0,BattleMech,Striker,BM,1,"12""",0,2,2,0,2,False,2,False,0,True,0,False,0,18,"CASE,IF0*",0,25,late-republic,pg
673,Commando COM-4H,,Commando,COM-4H,25,691,Inner Sphere,1935000,Standard,231,TR:3050U,200,RS:3050Uu-I,https://i.ibb.co/QjhjKwr/era04-civil-war.png,3064,247,3062,https://i.ibb.co/tcxdcYf/commando-rg.png,False,True,1.0,BattleMech,Striker,BM,1,"12""",0,2,2,0,2,False,2,False,0,False,0,False,0,17,ENE,0,25,late-republic,pg
7721,Hermit Crab HMC-13,,Hermit Crab,HMC-13,25,731,Inner Sphere,2244583,Standard,454,RG10,454,RG10,https://i.ibb.co/VtCdwyP/era06-republic-dark-age.png,3104,254,3101,https://i.ibb.co/f1ddYwr/hermit-crab-rg.png,True,True,1.0,BattleMech,Scout,BM,1,"14""j",0,3,2,0,1,False,1,False,0,False,0,False,0,22,ENE,0,25,late-republic,pg
7723,Hermit Crab HMC-15,,Hermit Crab,HMC-15,25,742,Inner Sphere,2163333,Standard,454,RG10,454,RG10,https://i.ibb.co/VtCdwyP/era06-republic-dark-age.png,3108,254,3101,https://i.ibb.co/f1ddYwr/hermit-crab-rg.png,False,True,1.0,BattleMech,Striker,BM,1,"14""",0,3,2,0,1,False,1,False,1,False,0,False,0,22,ENE,0,25,late-republic,pg
7722,Hermit Crab HMC-14,,Hermit Crab,HMC-14,25,844,Inner Sphere,2313333,Standard,454,RG10,454,RG10,https://i.ibb.co/VtCdwyP/era06-republic-dark-age.png,3108,254,3101,https://i.ibb.co/f1ddYwr/hermit-crab-rg.png,False,True,1.0,BattleMech,Striker,BM,1,"14""/12""j",0,3,2,0,2,False,2,False,0,False,0,False,0,27,"ENE,JMPW1",0,25,late-republic,pg
3355,UrbanMech UM-R60L,,UrbanMech,UM-R60L,30,470,Inner Sphere,1581125,Introductory,422,TR:SW,423,RS:SW,https://i.ibb.co/MB09bVm/era02-succession-wars.png,2925,255,2901,https://i.ibb.co/yPv4pnB/urbanmech-rg.png,False,True,1.0,BattleMech,Ambusher,BM,1,"4""j",0,2,3,0,2,False,2,False,0,False,0,False,0,11,AC2/2/-,0,30,late-republic,pg
3354,UrbanMech UM-R60,,UrbanMech,UM-R60,30,504,Inner Sphere,1471925,Introductory,422,TR:SW,510,RSFP:Wave 1,https://i.ibb.co/fr2Wdf0/era01-age-of-war-star-league.png,2675,10,2571,https://i.ibb.co/yPv4pnB/urbanmech-rg.png,True,True,1.0,BattleMech,Ambusher,BM,1,"4""j",0,3,3,0,2,False,1,False,0,False,0,False,0,11,AC1/1/-,0,30,late-republic,pg
3358,UrbanMech UM-R69,,UrbanMech,UM-R69,30,589,Inner Sphere,1705925,Standard,231,TR:3050U,532,RSFP:Urbies,https://i.ibb.co/QjhjKwr/era04-civil-war.png,3063,247,3062,https://i.ibb.co/yPv4pnB/urbanmech-rg.png,False,True,1.0,BattleMech,Sniper,BM,1,"4""j",0,3,3,0,2,False,2,False,2,False,0,False,0,19,,0,30,late-republic,pg
1675,Javelin JVN-10N,,Javelin,JVN-10N,30,594,Inner Sphere,2400840,Introductory,422,TR:SW,423,RS:SW,https://i.ibb.co/fr2Wdf0/era01-age-of-war-star-league.png,2751,10,2571,https://i.ibb.co/VLykXhJ/javelin-rg.png,True,True,1.0,BattleMech,Striker,BM,1,"12""j",0,2,3,0,2,False,2,False,0,False,0,False,0,19,SRM2/2,0,30,late-republic,pg
3353,UrbanMech UM-AIV,,UrbanMech,UM-AIV,30,603,Inner Sphere,2488200,Advanced,202,TR:3085,257,RS:3085u-ONN,https://i.ibb.co/4jf2wfz/era05-jihad.png,3072,14,3068,https://i.ibb.co/yPv4pnB/urbanmech-rg.png,False,True,1.0,BattleMech,Missile Boat,BM,1,"4""j",0,3,1,0,0,True,0,True,0,False,0,False,0,22,ARTAIS-1,0,30,late-republic,pg
3010,Spider SDR-5V,,Spider,SDR-5V,30,622,Inner Sphere,2984540,Introductory,422,TR:SW,511,RSFP:Wave 2,https://i.ibb.co/fr2Wdf0/era01-age-of-war-star-league.png,2650,10,2571,https://i.ibb.co/w7RvDYD/spider-rg.png,True,True,1.0,BattleMech,Scout,BM,1,"16""j",0,2,3,0,1,False,1,False,0,False,0,False,0,21,ENE,0,30,late-republic,pg
7429,Javelin JVN-10A,,Javelin,JVN-10A,30,653,Inner Sphere,2389140,Introductory,422,TR:SW,423,RS:SW,https://i.ibb.co/fr2Wdf0/era01-age-of-war-star-league.png,2752,10,2571,https://i.ibb.co/VLykXhJ/javelin-rg.png,False,True,1.0,BattleMech,Striker,BM,1,"12""j",0,2,3,0,0,True,1,False,1,False,0,False,0,17,IF1,0,30,late-republic,pg
3360,UrbanMech UM-R80,,UrbanMech,UM-R80,30,699,Inner Sphere,2344225,Standard,202,TR:3085,532,RSFP:Urbies,https://i.ibb.co/4jf2wfz/era05-jihad.png,3076,14,3068,https://i.ibb.co/yPv4pnB/urbanmech-rg.png,False,True,1.0,BattleMech,Ambusher,BM,1,"4""/6""j",0,3,3,0,2,False,1,False,0,False,0,False,0,21,"ECM,ENE,JMPS1,PRB,RCN,TAG",0,30,late-republic,pg
6550,Cadaver CVR-A1,,Cadaver,CVR-A1,30,962,Inner Sphere,7514390,Standard,514,TR:DA,535,RS:DA,https://i.ibb.co/VtCdwyP/era06-republic-dark-age.png,3094,15,3081,https://i.ibb.co/n7MHLw3/cadaver-3145.png,True,True,1.0,BattleMech,Striker,BM,1,"16""",0,4,1,0,2,False,2,False,0,False,0,False,0,31,"CASEII,ECM",0,30,late-republic,pg
1078,Firebee FRB-1E (WAM-B),,Firebee,FRB-1E (WAM-B),35,514,Primitive,2309985,Advanced,363,XTR:Primitives III,363,XTR:Primitives III,https://i.ibb.co/fr2Wdf0/era01-age-of-war-star-league.png,2483,9,2005,https://i.ibb.co/KGHy6Tb/firebee-pc.png,True,True,1.0,BattleMech,Brawler,BM,1,"10""",0,2,3,0,1,False,1,False,0,True,0,False,0,15,IF0*,0,35,late-republic,pg
6615,Storm Raider STM-R1,,Storm Raider,STM-R1,35,593,Inner Sphere,5106510,Standard,514,TR:DA,535,RS:DA,https://i.ibb.co/VtCdwyP/era06-republic-dark-age.png,3097,15,3081,https://i.ibb.co/1szqLhW/storm-raider-3145.png,False,True,1.0,BattleMech,Scout,BM,1,"12""",0,3,2,0,1,False,1,False,0,False,0,False,0,16,"AC1/1/0,CASE,MEL",0,35,late-republic,pg
3276,Toro TR-A-1,,Toro,TR-A-1,35,671,Primitive,2211255,Advanced,379,XTR:Primitives IV,379,XTR:Primitives IV,https://i.ibb.co/fr2Wdf0/era01-age-of-war-star-league.png,2481,9,2005,https://i.ibb.co/VvFrYJS/toro-3075.png,True,True,1.0,BattleMech,Brawler,BM,1,"8""",0,4,3,0,2,False,2,False,0,False,0,False,0,20,,0,35,late-republic,pg
6616,Storm Raider STM-R2,,Storm Raider,STM-R2,35,671,Inner Sphere,5689710,Standard,514,TR:DA,535,RS:DA,https://i.ibb.co/VtCdwyP/era06-republic-dark-age.png,3098,15,3081,https://i.ibb.co/1szqLhW/storm-raider-3145.png,False,True,1.0,BattleMech,Scout,BM,1,"16""",0,3,2,0,1,False,1,False,1,False,0,False,0,23,"CASE,MEL",0,35,late-republic,pg
1096,Firestarter FS9-H,,Firestarter,FS9-H,35,694,Inner Sphere,3046950,Introductory,422,TR:SW,423,RS:SW,https://i.ibb.co/fr2Wdf0/era01-age-of-war-star-league.png,2703,10,2571,https://i.ibb.co/vY5ch3G/firestarter-rg.png,True,True,1.0,BattleMech,Scout,BM,1,"12""j",0,3,3,0,2,False,1,False,0,False,0,False,0,20,"HT1/-/-,REAR0*/-/-",0,35,late-republic,pg
1112,Firestarter FS9-S,,Firestarter,FS9-S,35,754,Inner Sphere,3511688,Standard,231,TR:3050U,200,RS:3050Uu-I,https://i.ibb.co/k6ySqKN/era03-clan-invasion.png,3049,13,3050,https://i.ibb.co/vY5ch3G/firestarter-rg.png,True,True,1.0,BattleMech,Scout,BM,1,"12""j",0,3,3,0,1,False,1,False,0,False,0,False,0,23,"AMS,HT1/-/-,PRB,RCN,REAR0*/-/-",0,35,late-republic,pg
1113,Firestarter FS9-S1,,Firestarter,FS9-S1,35,820,Inner Sphere,3511688,Standard,231,TR:3050U,200,RS:3050Uu-I,https://i.ibb.co/k6ySqKN/era03-clan-invasion.png,3049,13,3050,https://i.ibb.co/vY5ch3G/firestarter-rg.png,False,True,1.0,BattleMech,Scout,BM,1,"12""j",0,3,3,0,1,False,1,False,0,False,0,False,0,22,"AMS,ECM,HT1/-/-,REAR0*/-/-",0,35,late-republic,pg
1692,Jenner JR7-D,,Jenner,JR7-D,35,875,Inner Sphere,3198375,Introductory,422,TR:SW,511,RSFP:Wave 2,https://i.ibb.co/MB09bVm/era02-succession-wars.png,2785,11,2781,https://i.ibb.co/2cQmRWW/jenner-rg.png,True,True,1.0,BattleMech,Striker,BM,1,"14""/10""j",0,2,3,0,2,False,2,False,0,False,0,False,1,26,JMPW1,0,35,late-republic,pg
3458,Vulcan VL-2T,,Vulcan,VL-2T,40,642,Inner Sphere,3462900,Introductory,422,TR:SW,423,RS:SW,https://i.ibb.co/fr2Wdf0/era01-age-of-war-star-league.png,2777,10,2571,https://i.ibb.co/q0Gx2rJ/vulcan-rg.png,True,True,1.0,BattleMech,Scout,BM,2,"12""j",0,3,3,0,2,False,1,False,0,True,0,False,0,20,,0,40,late-republic,pg
128,Assassin ASN-23,,Assassin,ASN-23,40,740,Inner Sphere,3924013,Standard,231,TR:3050U,200,RS:3050Uu-I,https://i.ibb.co/k6ySqKN/era03-clan-invasion.png,3050,13,3050,https://i.ibb.co/Vt52ZRM/assassin-rg.png,True,True,1.0,BattleMech,Striker,BM,2,"14""j",0,2,3,0,1,False,2,False,0,True,0,False,0,26,IF0*,0,40,late-republic,pg
3461,Vulcan VT-5M,,Vulcan,VT-5M,40,811,Inner Sphere,3789100,Standard,231,TR:3050U,200,RS:3050Uu-I,https://i.ibb.co/k6ySqKN/era03-clan-invasion.png,3050,13,3050,https://i.ibb.co/q0Gx2rJ/vulcan-rg.png,True,True,1.0,BattleMech,Striker,BM,2,"12""j",0,3,3,0,3,False,2,False,0,False,0,False,0,23,,0,40,late-republic,pg
596,Cicada CDA-3M,,Cicada,CDA-3M,40,812,Inner Sphere,7658467,Standard,231,TR:3050U,200,RS:3050Uu-I,https://i.ibb.co/k6ySqKN/era03-clan-invasion.png,3049,13,3050,https://i.ibb.co/WWrgL7c/cicada-rg.png,True,True,1.0,BattleMech,Striker,BM,2,"16""",0,2,2,0,2,False,2,False,1,False,0,False,0,25,CASE,0,40,late-republic,pg
649,Clint CLNT-3-3T,,Clint,CLNT-3-3T,40,901,Inner Sphere,3790080,Standard,231,TR:3050U,200,RS:3050Uu-I,https://i.ibb.co/4jf2wfz/era05-jihad.png,3069,14,3068,https://i.ibb.co/K02WmGs/clint-rg.png,False,True,1.0,BattleMech,Striker,BM,2,"12""j",0,4,3,0,2,False,2,False,0,False,0,False,0,24,CASE,0,40,late-republic,pg
3541,Whitworth WTH-2,,Whitworth,WTH-2,40,936,Inner Sphere,3164933,Standard,231,TR:3050U,200,RS:3050Uu-I,https://i.ibb.co/k6ySqKN/era03-clan-invasion.png,3050,13,3050,https://i.ibb.co/CsRjY19/whitworth-rg.png,True,True,1.0,BattleMech,Missile Boat,BM,2,"8""j",0,4,3,0,2,False,2,False,2,False,0,False,1,25,IF1,0,40,late-republic,pg
3538,Whitworth WTH-1,,Whitworth,WTH-1,40,982,Inner Sphere,2912933,Introductory,422,TR:SW,423,RS:SW,https://i.ibb.co/fr2Wdf0/era01-age-of-war-star-league.png,2689,10,2571,https://i.ibb.co/CsRjY19/whitworth-rg.png,True,True,1.0,BattleMech,Missile Boat,BM,2,"8""j",0,4,3,0,2,False,2,False,2,False,0,False,1,25,IF1,0,40,late-republic,pg
3539,Whitworth WTH-1H,,Whitworth,WTH-1H,40,993,Inner Sphere,2898093,Standard,231,TR:3050U,200,RS:3050Uu-I,https://i.ibb.co/QjhjKwr/era04-civil-war.png,3066,247,3062,https://i.ibb.co/CsRjY19/whitworth-rg.png,False,True,1.0,BattleMech,Juggernaut,BM,2,"8""j",0,4,3,0,3,False,3,False,1,False,0,False,0,25,,0,40,late-republic,pg
650,Clint CLNT-5U,,Clint,CLNT-5U,40,1275,Inner Sphere,6324080,Standard,231,TR:3050U,200,RS:3050Uu-I,https://i.ibb.co/QjhjKwr/era04-civil-war.png,3062,247,3062,https://i.ibb.co/K02WmGs/clint-rg.png,False,True,1.0,BattleMech,Striker,BM,2,"12""j",0,4,2,0,2,False,2,False,1,False,0,False,1,28,"C3S,ENE,MHQ1,TAG",0,40,late-republic,pg
1410,Hatchetman HCT-3F,,Hatchetman,HCT-3F,45,854,Inner Sphere,5630640,Introductory,422,TR:SW,511,RSFP:Wave 2,https://i.ibb.co/MB09bVm/era02-succession-wars.png,3023,256,3020,https://i.ibb.co/sKrQj5m/hatchetman-rg.png,True,True,1.0,BattleMech,Brawler,BM,2,"8""j",0,3,4,0,2,False,2,False,0,False,0,False,0,20,"AC1/1/-,MEL",0,45,late-republic,pg
944,Eisenfaust EFT-4J,,Eisenfaust,EFT-4J,45,977,Inner Sphere,2896520,Introductory,463,TR:J,534,RS:J,https://i.ibb.co/fr2Wdf0/era01-age-of-war-star-league.png,2515,9,2005,https://i.ibb.co/C1XrP3c/eisenfaust-3085.png,False,True,1.0,BattleMech,Juggernaut,BM,2,"6""",0,5,4,0,2,False,2,False,0,False,0,False,1,24,,0,45,late-republic,pg
1413,Hatchetman HCT-5S,,Hatchetman,HCT-5S,45,1039,Inner Sphere,6146840,Standard,231,TR:3050U,511,RSFP:Wave 2,https://i.ibb.co/k6ySqKN/era03-clan-invasion.png,3049,13,3050,https://i.ibb.co/sKrQj5m/hatchetman-rg.png,True,True,1.0,BattleMech,Brawler,BM,2,"8""j",0,5,2,0,2,False,2,False,1,False,0,False,1,24,"CASE,FLK1/1/1,MEL",0,45,late-republic,pg
388,Blackjack BJ-3,,Blackjack,BJ-3,45,1271,Inner Sphere,3592375,Standard,422,TR:SW,423,RS:SW,https://i.ibb.co/MB09bVm/era02-succession-wars.png,3042,256,3020,https://i.ibb.co/pyTwkmx/blackjack-rg.png,False,True,1.0,BattleMech,Brawler,BM,2,"8""j",0,5,4,0,3,False,3,False,2,False,0,False,1,30,ENE,0,45,late-republic,pg
516,Centurion CN9-A,,Centurion,CN9-A,50,945,Inner Sphere,3491500,Introductory,422,TR:SW,511,RSFP:Wave 2,https://i.ibb.co/MB09bVm/era02-succession-wars.png,2801,11,2781,https://i.ibb.co/RP1b0kq/centurion-rg.png,True,True,1.0,BattleMech,Brawler,BM,2,"8""",0,5,4,0,2,False,3,False,1,False,0,False,0,28,"AC1/1/-,IF1,REAR1/1/-",0,50,late-republic,pg
546,Chameleon TRC-4B,,Chameleon,TRC-4B,50,999,Inner Sphere,4626000,Introductory,539,RGv1,515,RG25,https://i.ibb.co/fr2Wdf0/era01-age-of-war-star-league.png,2510,9,2005,https://i.ibb.co/KmTmLmt/chameleon-rg.png,False,True,1.0,BattleMech,Scout,BM,2,"12""j",0,3,4,0,2,False,1,False,0,False,0,False,1,21,,0,50,late-republic,pg
1552,Hunchback HBK-4G,,Hunchback,HBK-4G,50,1041,Inner Sphere,3467875,Introductory,422,TR:SW,511,RSFP:Wave 2,https://i.ibb.co/fr2Wdf0/era01-age-of-war-star-league.png,2572,10,2571,https://i.ibb.co/xL9wy34/hunchback-rg.png,True,True,1.0,BattleMech,Juggernaut,BM,2,"8""",0,5,4,0,4,False,3,False,0,False,0,False,0,28,AC2/2/-,0,50,late-republic,pg
1562,Hunchback HBK-5N,,Hunchback,HBK-5N,50,1041,Inner Sphere,3575875,Standard,231,TR:3050U,200,RS:3050Uu-I,https://i.ibb.co/k6ySqKN/era03-clan-invasion.png,3057,13,3050,https://i.ibb.co/xL9wy34/hunchback-rg.png,False,True,1.0,BattleMech,Juggernaut,BM,2,"8""",0,5,4,0,4,False,3,False,0,False,0,False,0,28,AC2/2/-,0,50,late-republic,pg
543,Chameleon CLN-7V,,Chameleon,CLN-7V,50,1042,Inner Sphere,4623375,Introductory,422,TR:SW,423,RS:SW,https://i.ibb.co/k6ySqKN/era03-clan-invasion.png,3056,13,3050,https://i.ibb.co/KmTmLmt/chameleon-rg.png,True,True,1.0,BattleMech,Scout,BM,2,"12""j",0,4,4,0,2,False,1,False,0,False,0,False,1,24,,0,50,late-republic,pg
1559,Hunchback HBK-4SP,,Hunchback,HBK-4SP,50,1043,Inner Sphere,3446875,Introductory,422,TR:SW,423,RS:SW,https://i.ibb.co/MB09bVm/era02-succession-wars.png,3025,256,3020,https://i.ibb.co/xL9wy34/hunchback-rg.png,False,True,1.0,BattleMech,Juggernaut,BM,2,"8""",0,5,4,0,4,False,4,False,0,False,0,False,0,30,SRM2/2,0,50,late-republic,pg
1555,Hunchback HBK-4H,,Hunchback,HBK-4H,50,1067,Inner Sphere,3425875,Introductory,422,TR:SW,423,RS:SW,https://i.ibb.co/MB09bVm/era02-succession-wars.png,2819,11,2781,https://i.ibb.co/xL9wy34/hunchback-rg.png,False,True,1.0,BattleMech,Juggernaut,BM,2,"8""",0,5,4,0,4,False,3,False,0,False,0,False,0,28,AC1/1/-,0,50,late-republic,pg
1557,Hunchback HBK-4N,,Hunchback,HBK-4N,50,1087,Inner Sphere,3437125,Introductory,422,TR:SW,423,RS:SW,https://i.ibb.co/MB09bVm/era02-succession-wars.png,2920,255,2901,https://i.ibb.co/xL9wy34/hunchback-rg.png,False,True,1.0,BattleMech,Brawler,BM,2,"8""",0,5,4,0,3,False,3,False,2,False,0,False,1,31,IF1,0,50,late-republic,pg
1560,Hunchback HBK-5H,,Hunchback,HBK-5H,50,1097,Inner Sphere,3833500,Standard,231,TR:3050U,200,RS:3050Uu-I,https://i.ibb.co/QjhjKwr/era04-civil-war.png,3064,247,3062,https://i.ibb.co/xL9wy34/hunchback-rg.png,False,True,1.0,BattleMech,Juggernaut,BM,2,"8""",0,5,4,0,4,False,4,False,0,False,0,False,0,30,"AC2/2/-,CASE",0,50,late-republic,pg
520,Centurion CN9-D,,Centurion,CN9-D,50,1130,Inner Sphere,9676500,Standard,231,TR:3050U,511,RSFP:Wave 2,https://i.ibb.co/k6ySqKN/era03-clan-invasion.png,3049,13,3050,https://i.ibb.co/RP1b0kq/centurion-rg.png,True,True,1.0,BattleMech,Skirmisher,BM,2,"12""",0,5,2,0,2,False,2,False,2,False,0,False,0,28,"CASE,FLK1/1/1,IF1,REAR1/1/-",0,50,late-republic,pg
1558,Hunchback HBK-4P,,Hunchback,HBK-4P,50,1138,Inner Sphere,3377875,Introductory,422,TR:SW,423,RS:SW,https://i.ibb.co/MB09bVm/era02-succession-wars.png,2937,255,2901,https://i.ibb.co/xL9wy34/hunchback-rg.png,False,True,1.0,BattleMech,Juggernaut,BM,2,"8""",0,5,4,0,5,False,4,False,0,False,0,False,0,31,ENE,0,50,late-republic,pg
1556,Hunchback HBK-4J,,Hunchback,HBK-4J,50,1143,Inner Sphere,3560875,Introductory,422,TR:SW,423,RS:SW,https://i.ibb.co/MB09bVm/era02-succession-wars.png,2856,11,2781,https://i.ibb.co/xL9wy34/hunchback-rg.png,False,True,1.0,BattleMech,Missile Boat,BM,2,"8""",0,5,4,0,3,False,3,False,2,False,0,False,1,31,IF1,0,50,late-republic,pg
3297,Trebuchet TBT-5N,,Trebuchet,TBT-5N,50,1191,Inner Sphere,4293500,Introductory,422,TR:SW,511,RSFP:Wave 2,https://i.ibb.co/MB09bVm/era02-succession-wars.png,2799,11,2781,https://i.ibb.co/7zxsmgX/trebuchet-rg.png,True,True,1.0,BattleMech,Missile Boat,BM,2,"10""",0,4,4,0,2,False,2,False,2,False,0,False,1,29,IF1,0,50,late-republic,pg
519,Centurion CN9-Ar,,Centurion,CN9-Ar,50,1226,Inner Sphere,3893500,Standard,202,TR:3085,257,RS:3085u-ONN,https://i.ibb.co/4jf2wfz/era05-jihad.png,3072,14,3068,https://i.ibb.co/RP1b0kq/centurion-rg.png,False,True,1.0,BattleMech,Sniper,BM,2,"8""",0,5,4,0,2,False,3,False,3,False,0,False,1,31,"IF1,REAR1/1/-",0,50,late-republic,pg
544,Chameleon CLN-7W,,Chameleon,CLN-7W,50,1243,Inner Sphere,4857000,Standard,422,TR:SW,254,RS:3058Uu-I,https://i.ibb.co/k6ySqKN/era03-clan-invasion.png,3058,13,3050,https://i.ibb.co/KmTmLmt/chameleon-rg.png,False,True,1.0,BattleMech,Striker,BM,2,"12""j",0,5,4,0,2,False,2,False,1,False,0,False,0,29,ENE,0,50,late-republic,pg
521,Centurion CN9-D3,,Centurion,CN9-D3,50,1324,Inner Sphere,10726500,Standard,231,TR:3050U,200,RS:3050Uu-I,https://i.ibb.co/k6ySqKN/era03-clan-invasion.png,3052,13,3050,https://i.ibb.co/RP1b0kq/centurion-rg.png,False,True,1.0,BattleMech,Skirmisher,BM,2,"12""",0,5,2,0,2,False,2,False,2,False,0,False,0,29,"CASE,FLK1/1/1,IF1,REAR1/1/-,TSM",0,50,late-republic,pg
3300,Trebuchet TBT-7M,,Trebuchet,TBT-7M,50,1348,Inner Sphere,9006500,Standard,422,TR:SW,511,RSFP:Wave 2,https://i.ibb.co/MB09bVm/era02-succession-wars.png,3048,256,3020,https://i.ibb.co/7zxsmgX/trebuchet-rg.png,True,True,1.0,BattleMech,Missile Boat,BM,2,"10""j",0,4,2,0,3,False,3,False,2,False,0,False,0,31,"CASE,IF1,LRM1/1/1,SNARC",0,50,late-republic,pg
5448,Centurion CN9-D3D,,Centurion,CN9-D3D,50,1373,Inner Sphere,10603500,Standard,231,TR:3050U,200,RS:3050Uu-I,https://i.ibb.co/k6ySqKN/era03-clan-invasion.png,3060,13,3050,https://i.ibb.co/RP1b0kq/centurion-rg.png,False,True,1.0,BattleMech,Skirmisher,BM,2,"16""",0,5,2,0,2,False,2,False,2,False,0,False,0,37,IF1,0,50,late-republic,pg
9267,Chameleon CLN-8V,,Chameleon,CLN-8V,50,1426,Inner Sphere,0,Standard,539,RGv1,515,RG25,https://i.ibb.co/k6ySqKN/era03-clan-invasion.png,3086,13,3050,https://i.ibb.co/KmTmLmt/chameleon-rg.png,True,True,1.0,BattleMech,Striker,BM,2,"12""j",0,5,2,0,3,False,3,False,1,False,0,False,1,32,CASEII,0,50,late-republic,pg
545,Chameleon CLN-7Z,,Chameleon,CLN-7Z,50,1527,Inner Sphere,9538500,Standard,422,TR:SW,254,RS:3058Uu-I,https://i.ibb.co/k6ySqKN/era03-clan-invasion.png,3058,13,3050,https://i.ibb.co/KmTmLmt/chameleon-rg.png,False,True,1.0,BattleMech,Striker,BM,2,"12""j",0,6,2,0,2,False,2,False,1,False,0,False,1,30,ENE,0,50,late-republic,pg
877,Dervish DV-1S,,Dervish,DV-1S,55,864,Primitive,4497583,Advanced,363,XTR:Primitives III,363,XTR:Primitives III,https://i.ibb.co/fr2Wdf0/era01-age-of-war-star-league.png,2520,9,2005,https://i.ibb.co/C16WD4y/dervish-prim.png,True,True,1.0,BattleMech,Missile Boat,BM,2,"8""/6""j",0,4,5,0,1,False,2,False,2,False,0,False,0,25,"IF1,LRM1/1/1",0,55,late-republic,pg
2837,Scorpion SCP-1N,,Scorpion,SCP-1N,55,1019,Inner Sphere,5201800,Introductory,180,TR:3039,241,RS:3039u,https://i.ibb.co/fr2Wdf0/era01-age-of-war-star-league.png,2570,9,2005,https://i.ibb.co/DQvbMcm/scorpion-rg.png,True,True,1.0,BattleMech,Skirmisher,BM,2,"12""",0,4,5,0,2,False,2,False,1,False,0,False,0,27,,0,55,late-republic,pg
1198,Gladiator GLD-1R,,Gladiator,GLD-1R,55,1027,Primitive,4181848,Advanced,276,XTR:Primitives II,276,XTR:Primitives II,https://i.ibb.co/fr2Wdf0/era01-age-of-war-star-league.png,2468,9,2005,https://i.ibb.co/9tVBGTM/gladiator-pc.png,True,True,1.0,BattleMech,Brawler,BM,2,"8""",0,6,5,0,2,False,2,False,0,False,0,False,0,27,ENE,0,55,late-republic,pg
5037,Shadow Hawk SHD-3H,,Shadow Hawk,SHD-3H,55,1043,Inner Sphere,0,Introductory,541,Shrap14,464,ShrapRS,https://i.ibb.co/fr2Wdf0/era01-age-of-war-star-league.png,2752,10,2571,https://i.ibb.co/NpNFRL1/shadow-hawk-rg.png,True,True,2.0,BattleMech,Skirmisher,bm,2,"10""/6""j",0,5,5,0,2,False,2,False,1,False,0,False,0,30,"IF0*,JMPW1",0,55,late-republic,pg
2901,Shadow Hawk SHD-2H,,Shadow Hawk,SHD-2H,55,1064,Inner Sphere,4539382,Introductory,422,TR:SW,510,RSFP:Wave 1,https://i.ibb.co/fr2Wdf0/era01-age-of-war-star-league.png,2550,9,2005,https://i.ibb.co/NpNFRL1/shadow-hawk-rg.png,True,True,1.0,BattleMech,Skirmisher,BM,2,"10""/6""j",0,5,5,0,2,False,2,False,1,False,0,False,0,30,"IF0*,JMPW1",0,55,late-republic,pg
2839,Scorpion SCP-1O,,Scorpion,SCP-1O,55,1098,Inner Sphere,5449800,Standard,539,RGv1,489,RG19,https://i.ibb.co/k6ySqKN/era03-clan-invasion.png,3049,13,3050,https://i.ibb.co/DQvbMcm/scorpion-rg.png,False,True,1.0,BattleMech,Skirmisher,BM,2,"12""",0,4,5,0,2,False,2,False,1,False,0,False,0,27,,0,55,late-republic,pg
3573,Wolverine WVR-6R,Wolverine,Wolverine,WVR-6R,55,1101,Inner Sphere,4827682,Introductory,422,TR:SW,510,RSFP:Wave 1,https://i.ibb.co/fr2Wdf0/era01-age-of-war-star-league.png,2575,10,2571,https://i.ibb.co/F8jQ7xL/wolverine-rg.png,True,True,1.0,BattleMech,Skirmisher,BM,2,"10""j",0,5,5,0,2,False,2,False,1,False,0,False,0,30,,0,55,late-republic,pg
878,Dervish DV-6M,,Dervish,DV-6M,55,1146,Inner Sphere,4989967,Introductory,422,TR:SW,423,RS:SW,https://i.ibb.co/fr2Wdf0/era01-age-of-war-star-league.png,2570,9,2005,https://i.ibb.co/12SMh4n/dervish-rg.png,True,True,1.0,BattleMech,Missile Boat,BM,2,"10""j",0,4,5,0,2,False,2,False,2,False,0,False,1,30,IF1,0,55,late-republic,pg
2090,Marshal MHL-X1,,Marshal,MHL-X1,55,1163,Inner Sphere,4545323,Standard,229,TR:3060,222,RS:3060u,https://i.ibb.co/k6ySqKN/era03-clan-invasion.png,3059,13,3050,https://i.ibb.co/W6Cymxw/marshal-3060.png,True,True,1.0,BattleMech,Skirmisher,BM,2,"8""j",0,6,5,0,3,False,3,False,0,True,0,False,0,31,IF0*,0,55,late-republic,pg
1894,Lineholder KW1-LH3,,Lineholder,KW1-LH3,55,1214,Inner Sphere,4608667,Standard,240,TR:3058U,254,RS:3058Uu-I,https://i.ibb.co/k6ySqKN/era03-clan-invasion.png,3059,13,3050,https://i.ibb.co/rMngVp5/lineholder-3058u.png,False,True,1.0,BattleMech,Skirmisher,BM,2,"10""",0,5,5,0,2,False,2,False,2,False,0,False,1,32,IF1,0,55,late-republic,pg
3921,Centurion CN10-B,,Centurion,CN10-B,55,1243,Inner Sphere,5178653,Standard,450,Shrap02,464,ShrapRS,https://i.ibb.co/k6ySqKN/era03-clan-invasion.png,3057,13,3050,https://i.ibb.co/RP1b0kq/centurion-rg.png,True,True,1.1,BattleMech,Brawler,BM,2,"8""",0,6,5,0,2,False,2,False,2,False,0,False,0,30,"CASE,FLK1/1/1,IF1,REAR1/1/-",0,55,late-republic,pg
7696,Centurion CN10-J,,Centurion,CN10-J,55,1257,Inner Sphere,5420453,Standard,450,Shrap02,464,ShrapRS,https://i.ibb.co/k6ySqKN/era03-clan-invasion.png,3057,13,3050,https://i.ibb.co/RP1b0kq/centurion-rg.png,True,True,1.1,BattleMech,Brawler,BM,2,"8""j",0,5,5,0,2,False,2,False,2,False,0,False,0,28,"CASE,FLK1/1/1,IF1,REAR1/1/-",0,55,late-republic,pg
1297,Griffin GRF-1N,,Griffin,GRF-1N,55,1272,Inner Sphere,4957107,Introductory,422,TR:SW,510,RSFP:Wave 1,https://i.ibb.co/fr2Wdf0/era01-age-of-war-star-league.png,2492,9,2005,https://i.ibb.co/JRfrnbh/griffin-rg.png,True,True,1.0,BattleMech,Sniper,BM,2,"10""j",0,5,5,0,1,False,2,False,2,False,0,False,0,31,IF1,0,55,late-republic,pg
1893,Lineholder KW1-LH2,,Lineholder,KW1-LH2,55,1280,Inner Sphere,4515667,Introductory,240,TR:3058U,254,RS:3058Uu-I,https://i.ibb.co/k6ySqKN/era03-clan-invasion.png,3058,13,3050,https://i.ibb.co/rMngVp5/lineholder-3058u.png,True,True,1.0,BattleMech,Skirmisher,BM,2,"10""",0,5,5,0,2,False,3,False,1,False,0,False,1,34,IF1,0,55,late-republic,pg
7787,Shadow Hawk SHD-5R,,Shadow Hawk,SHD-5R,55,1296,Inner Sphere,9015523,Standard,539,RGv1,456,RG12,https://i.ibb.co/VtCdwyP/era06-republic-dark-age.png,3087,15,3081,https://i.ibb.co/NpNFRL1/shadow-hawk-rg.png,False,True,1.0,BattleMech,Missile Boat,BM,2,"8""/6""j",0,6,3,0,3,False,3,False,2,False,0,False,1,33,"CASE,IF2",0,55,late-republic,pg
2088,Marshal MHL-2L,,Marshal,MHL-2L,55,1313,Inner Sphere,4940573,Standard,229,TR:3060,222,RS:3060u,https://i.ibb.co/QjhjKwr/era04-civil-war.png,3063,247,3062,https://i.ibb.co/W6Cymxw/marshal-3060.png,False,True,1.0,BattleMech,Skirmisher,BM,2,"8""j",0,6,5,0,3,False,3,False,1,False,0,False,0,32,IF1,0,55,late-republic,pg
4020,Cronus CNS-3M,,Cronus,CNS-3M,55,1339,Inner Sphere,4896657,Introductory,246,TR:3067,367,RS:3067u,https://i.ibb.co/MB09bVm/era02-succession-wars.png,3031,256,3020,https://i.ibb.co/fSpc2P4/cronus-3060.png,False,True,1.2,BattleMech,Skirmisher,BM,2,"10""j",0,6,5,0,2,False,2,False,0,False,0,False,1,32,,0,55,late-republic,pg
879,Dervish DV-6Mr,,Dervish,DV-6Mr,55,1347,Inner Sphere,5154267,Standard,202,TR:3085,257,RS:3085u-ONN,https://i.ibb.co/4jf2wfz/era05-jihad.png,3073,14,3068,https://i.ibb.co/12SMh4n/dervish-rg.png,False,True,1.0,BattleMech,Brawler,BM,2,"10""j",0,4,5,0,3,False,4,False,2,False,0,False,0,36,"IF1,LRM1/1/1",0,55,late-republic,pg
7789,Shadow Hawk SHD-7H,,Shadow Hawk,SHD-7H,55,1394,Inner Sphere,8957915,Standard,539,RGv1,540,RSFP:GDL,https://i.ibb.co/VtCdwyP/era06-republic-dark-age.png,3101,254,3101,https://i.ibb.co/NpNFRL1/shadow-hawk-rg.png,True,True,1.0,BattleMech,Skirmisher,BM,2,"10""j",0,6,3,0,2,False,2,False,1,False,0,False,0,30,"CASEII,FLK1/1/1,IF0*",0,55,late-republic,pg
2906,Shadow Hawk SHD-5M,,Shadow Hawk,SHD-5M,55,1430,Inner Sphere,10296857,Standard,539,RGv1,456,RG12,https://i.ibb.co/MB09bVm/era02-succession-wars.png,3048,256,3020,https://i.ibb.co/NpNFRL1/shadow-hawk-rg.png,False,True,1.0,BattleMech,Missile Boat,BM,2,"10""j",0,6,3,0,2,False,3,False,2,False,0,False,0,35,"CASE,IF1",0,55,late-republic,pg
8254,Wolverine WVR-9R,Wolverine,Wolverine,WVR-9R,55,1481,Inner Sphere,0,Standard,539,RGv1,476,RG18,https://i.ibb.co/VtCdwyP/era06-republic-dark-age.png,3089,15,3081,https://i.ibb.co/F8jQ7xL/wolverine-rg.png,True,True,1.0,BattleMech,Skirmisher,BM,2,"10""j",0,6,3,0,4,False,4,False,2,False,0,False,0,39,CASE,0,55,late-republic,pg
7436,Griffin GRF-3N,,Griffin,GRF-3N,55,1560,Inner Sphere,6030637,Standard,539,RGv1,425,RG01,https://i.ibb.co/VtCdwyP/era06-republic-dark-age.png,3093,15,3081,https://i.ibb.co/JRfrnbh/griffin-rg.png,True,True,1.0,BattleMech,Sniper,BM,2,"10""j",0,6,5,0,2,False,2,False,2,False,0,False,0,34,"CASEII,IF1",0,55,late-republic,pg
4021,Cronus CNS-5M,,Cronus,CNS-5M,55,1579,Inner Sphere,12651178,Standard,246,TR:3067,367,RS:3067u,https://i.ibb.co/k6ySqKN/era03-clan-invasion.png,3060,13,3050,https://i.ibb.co/fSpc2P4/cronus-3060.png,True,True,1.2,BattleMech,Skirmisher,BM,2,"12""j",0,6,3,0,3,False,3,False,1,False,0,False,1,38,"C3S,CASE,MHQ1",0,55,late-republic,pg
2697,Rifleman RFL-3N,,Rifleman,RFL-3N,60,1039,Inner Sphere,4860000,Introductory,180,TR:3039,510,RSFP:Wave 1,https://i.ibb.co/fr2Wdf0/era01-age-of-war-star-league.png,2770,10,2571,https://i.ibb.co/gvYpr3f/rifleman-rg.png,True,True,1.0,BattleMech,Sniper,BM,3,"8""",0,4,5,0,2,False,2,False,1,False,0,False,2,26,,0,60,late-republic,pg
2610,Quickdraw QKD-4G,,Quickdraw,QKD-4G,60,1192,Inner Sphere,5514560,Introductory,422,TR:SW,423,RS:SW,https://i.ibb.co/fr2Wdf0/era01-age-of-war-star-league.png,2779,10,2571,https://i.ibb.co/DtdHPkZ/quickdraw-rg.png,True,True,1.0,BattleMech,Skirmisher,BM,3,"10""j",0,4,5,0,2,False,3,False,1,False,0,False,0,32,"IF1,REAR1/1/-",0,60,late-republic,pg
2612,Quickdraw QKD-5A,,Quickdraw,QKD-5A,60,1196,Inner Sphere,5447360,Introductory,422,TR:SW,423,RS:SW,https://i.ibb.co/MB09bVm/era02-succession-wars.png,3002,255,2901,https://i.ibb.co/DtdHPkZ/quickdraw-rg.png,False,True,1.0,BattleMech,Skirmisher,BM,3,"10""j",0,4,5,0,3,False,3,False,0,False,0,False,0,31,REAR1/1/-,0,60,late-republic,pg
2177,Merlin MLN-1A,,Merlin,MLN-1A,60,1217,Inner Sphere,4960000,Introductory,422,TR:SW,423,RS:SW,https://i.ibb.co/MB09bVm/era02-succession-wars.png,3010,255,2901,https://i.ibb.co/7Vn12n4/merlin-rg.png,True,True,1.0,BattleMech,Brawler,BM,3,"8""j",0,6,5,0,2,False,2,False,2,False,0,False,1,31,IF0*,0,60,late-republic,pg
2178,Merlin MLN-1B,,Merlin,MLN-1B,60,1228,Inner Sphere,4954400,Introductory,422,TR:SW,254,RS:3058Uu-I,https://i.ibb.co/k6ySqKN/era03-clan-invasion.png,3053,13,3050,https://i.ibb.co/7Vn12n4/merlin-rg.png,False,True,1.0,BattleMech,Brawler,BM,3,"8""j",0,6,5,0,2,False,3,False,2,False,0,False,0,32,IF0*,0,60,late-republic,pg
2348,Ostroc OSR-2C,,Ostroc,OSR-2C,60,1228,Inner Sphere,5040960,Introductory,180,TR:3039,241,RS:3039u,https://i.ibb.co/fr2Wdf0/era01-age-of-war-star-league.png,2511,9,2005,https://i.ibb.co/KDcQ3RV/ostroc-rg.png,True,True,1.0,BattleMech,Skirmisher,BM,3,"10""",0,5,5,0,3,False,3,False,0,False,0,False,1,34,,0,60,late-republic,pg
2180,Merlin MLN-1C,,Merlin,MLN-1C,60,1267,Inner Sphere,5082400,Standard,422,TR:SW,254,RS:3058Uu-I,https://i.ibb.co/4jf2wfz/era05-jihad.png,3068,14,3068,https://i.ibb.co/7Vn12n4/merlin-rg.png,False,True,1.0,BattleMech,Brawler,BM,3,"8""j",0,6,5,0,2,False,2,False,2,False,0,False,1,31,IF0*,0,60,late-republic,pg
2371,Ostsol OTL-4D,,Ostsol,OTL-4D,60,1277,Inner Sphere,5032960,Introductory,180,TR:3039,241,RS:3039u,https://i.ibb.co/fr2Wdf0/era01-age-of-war-star-league.png,2694,10,2571,https://i.ibb.co/jwTDntp/ostsol-rg.png,True,True,1.0,BattleMech,Skirmisher,BM,3,"10""",0,5,5,0,3,False,3,False,0,False,0,False,0,33,"ENE,REAR1/1/-",0,60,late-republic,pg
2355,Ostroc OSR-4C,,Ostroc,OSR-4C,60,1325,Inner Sphere,5197760,Standard,463,TR:J,534,RS:J,https://i.ibb.co/QjhjKwr/era04-civil-war.png,3066,247,3062,https://i.ibb.co/mzK2xzV/ostroc-4c-pp.png,False,True,1.0,BattleMech,Skirmisher,BM,3,"10""",0,5,5,0,3,False,3,False,0,True,0,False,0,33,ENE,0,60,late-republic,pg
2373,Ostsol OTL-5D,,Ostsol,OTL-5D,60,1333,Inner Sphere,5160960,Standard,463,TR:J,534,RS:J,https://i.ibb.co/QjhjKwr/era04-civil-war.png,3065,247,3062,https://i.ibb.co/234ZJCR/ostsol-5d-pp.png,False,True,1.0,BattleMech,Skirmisher,BM,3,"10""",0,5,5,0,3,False,3,False,0,True,0,False,0,33,ENE,0,60,late-republic,pg
2351,Ostroc OSR-2D,,Ostroc,OSR-2D,60,1396,Inner Sphere,5488960,Standard,539,RGv1,491,RG21,https://i.ibb.co/k6ySqKN/era03-clan-invasion.png,3050,13,3050,https://i.ibb.co/KDcQ3RV/ostroc-rg.png,False,True,1.0,BattleMech,Skirmisher,BM,3,"10""",0,5,5,0,4,False,4,False,2,False,0,False,0,39,,0,60,late-republic,pg
2615,Quickdraw QKD-5Mr,,Quickdraw,QKD-5Mr,60,1471,Inner Sphere,6360960,Standard,202,TR:3085,257,RS:3085u-ONN,https://i.ibb.co/4jf2wfz/era05-jihad.png,3070,14,3068,https://i.ibb.co/DtdHPkZ/quickdraw-rg.png,False,True,1.0,BattleMech,Missile Boat,BM,3,"10""j",0,5,5,0,2,False,2,False,1,False,0,False,0,33,"CASE,ECM,IF1,REAR1/1/-",0,60,late-republic,pg
2350,Ostroc OSR-2Cb,,Ostroc,OSR-2Cb,60,1478,Inner Sphere,5618560,Standard,189,TR:3075,228,RS:3075u-AW,https://i.ibb.co/fr2Wdf0/era01-age-of-war-star-league.png,2729,10,2571,https://i.ibb.co/KDcQ3RV/ostroc-rg.png,False,True,1.0,BattleMech,Skirmisher,BM,3,"10""",0,5,5,0,3,False,3,False,2,False,0,False,1,36,,0,60,late-republic,pg
1670,JagerMech JM6-S,,JagerMech,JM6-S,65,901,Inner Sphere,5232425,Introductory,422,TR:SW,423,RS:SW,https://i.ibb.co/fr2Wdf0/era01-age-of-war-star-league.png,2774,10,2571,https://i.ibb.co/4PdgF4m/jagermech-rg.png,True,True,1.0,BattleMech,Sniper,BM,3,"8""",0,3,5,0,3,False,3,False,2,False,0,False,0,26,AC1/1/1,0,65,late-republic,pg
1666,JagerMech JM6-DD,,JagerMech,JM6-DD,65,965,Inner Sphere,11419925,Standard,231,TR:3050U,200,RS:3050Uu-I,https://i.ibb.co/k6ySqKN/era03-clan-invasion.png,3049,13,3050,https://i.ibb.co/4PdgF4m/jagermech-rg.png,True,True,1.0,BattleMech,Sniper,BM,3,"8""",0,4,3,0,3,False,3,False,2,False,0,False,1,27,CASE,0,65,late-republic,pg
3238,Thunderbolt TDR-5S,,Thunderbolt,TDR-5S,65,1335,Inner Sphere,5413760,Introductory,422,TR:SW,510,RSFP:Wave 1,https://i.ibb.co/fr2Wdf0/era01-age-of-war-star-league.png,2505,9,2005,https://i.ibb.co/YQRy8Kf/thunderbolt-rg.png,True,True,1.0,BattleMech,Brawler,BM,3,"8""",0,7,5,0,3,False,3,False,1,False,0,False,1,36,IF1,0,65,late-republic,pg
1669,JagerMech JM6-H,,JagerMech,JM6-H,65,1348,Inner Sphere,5896220,Standard,231,TR:3050U,200,RS:3050Uu-I,https://i.ibb.co/QjhjKwr/era04-civil-war.png,3064,247,3062,https://i.ibb.co/4PdgF4m/jagermech-rg.png,False,True,1.0,BattleMech,Brawler,BM,3,"8""",0,6,5,0,3,False,3,False,0,True,0,False,0,31,FLK0*/0*/0*,0,65,late-republic,pg
481,Catapult CPLT-C3,,Catapult,CPLT-C3,65,1368,Inner Sphere,5872625,Advanced,231,TR:3050U,200,RS:3050Uu-I,https://i.ibb.co/k6ySqKN/era03-clan-invasion.png,3049,13,3050,https://i.ibb.co/gT50xFk/catapult-rg.png,True,True,1.0,BattleMech,Missile Boat,BM,3,"8""j",0,5,5,0,2,False,2,False,0,False,0,False,0,38,ARTAIS-1,0,65,late-republic,pg
478,Catapult CPLT-C1,,Catapult,CPLT-C1,65,1399,Inner Sphere,5790125,Introductory,422,TR:SW,510,RSFP:Wave 1,https://i.ibb.co/fr2Wdf0/era01-age-of-war-star-league.png,2561,9,2005,https://i.ibb.co/gT50xFk/catapult-rg.png,True,True,1.0,BattleMech,Missile Boat,BM,3,"8""j",0,5,5,0,2,False,3,False,2,False,0,False,1,32,"IF1,LRM1/1/1",0,65,late-republic,pg
759,Crusader CRD-5M,,Crusader,CRD-5M,65,1408,Inner Sphere,11901560,Standard,539,RGv1,511,RSFP:Wave 2,https://i.ibb.co/k6ySqKN/era03-clan-invasion.png,3049,13,3050,https://i.ibb.co/VNLfwbr/crusader-rg.png,False,True,1.0,BattleMech,Skirmisher,BM,3,"8""j",0,6,3,0,3,False,4,False,2,False,0,False,0,35,"AMS,CASE,IF1,LRM1/1/1",0,65,late-republic,pg
5453,Catapult CPLT-C4C,,Catapult,CPLT-C4C,65,1449,Inner Sphere,12053525,Standard,231,TR:3050U,200,RS:3050Uu-I,https://i.ibb.co/k6ySqKN/era03-clan-invasion.png,3055,13,3050,https://i.ibb.co/gT50xFk/catapult-rg.png,False,True,1.0,BattleMech,Missile Boat,BM,3,"8""j",0,5,3,0,3,False,3,False,3,False,0,False,1,36,"IF2,LRM1/2/2,PRB,RCN",0,65,late-republic,pg
486,Catapult CPLT-H2,,Catapult,CPLT-H2,65,1473,Inner Sphere,6060725,Standard,231,TR:3050U,200,RS:3050Uu-I,https://i.ibb.co/QjhjKwr/era04-civil-war.png,3064,247,3062,https://i.ibb.co/gT50xFk/catapult-rg.png,False,True,1.0,BattleMech,Skirmisher,BM,3,"8""j",0,6,5,0,3,False,3,False,1,False,0,False,0,32,ENE,0,65,late-republic,pg
480,Catapult CPLT-C1b,,Catapult,CPLT-C1b,65,1570,Inner Sphere,6321425,Standard,422,TR:SW,423,RS:SW,https://i.ibb.co/fr2Wdf0/era01-age-of-war-star-league.png,2688,10,2571,https://i.ibb.co/gT50xFk/catapult-rg.png,False,True,1.0,BattleMech,Missile Boat,BM,3,"8""j",0,6,5,0,3,False,4,False,2,False,0,False,0,37,"CASE,IF2,LRM1/2/2",0,65,late-republic,pg
8193,Thunderbolt TDR-11S,,Thunderbolt,TDR-11S,65,1570,Inner Sphere,0,Standard,539,RGv1,473,RG15,https://i.ibb.co/4jf2wfz/era05-jihad.png,3074,14,3068,https://i.ibb.co/YQRy8Kf/thunderbolt-rg.png,False,True,1.0,BattleMech,Juggernaut,BM,3,"8""",0,7,5,0,4,False,3,False,1,False,0,False,1,37,"AMS,CASE",0,65,late-republic,pg
1668,JagerMech JM6-DG,,JagerMech,JM6-DG,65,1625,Inner Sphere,11601425,Standard,231,TR:3050U,200,RS:3050Uu-I,https://i.ibb.co/k6ySqKN/era03-clan-invasion.png,3054,13,3050,https://i.ibb.co/4PdgF4m/jagermech-rg.png,False,True,1.0,BattleMech,Sniper,BM,3,"8""",0,4,3,0,4,False,4,False,3,False,0,False,0,30,CASE,0,65,late-republic,pg
186,Axman AXM-3S,,Axman,AXM-3S,65,1649,Inner Sphere,10852380,Standard,436,TR:CI,437,RS:CI,https://i.ibb.co/k6ySqKN/era03-clan-invasion.png,3060,13,3050,https://i.ibb.co/0sFsJYD/axman-rg.png,False,True,1.0,BattleMech,Skirmisher,BM,3,"8""j",0,6,4,0,3,False,3,False,0,False,0,False,0,32,"CASE,ECM,FLK1/1/-,MEL",0,65,late-republic,pg
4389,JagerMech JM6-DGr,,JagerMech,JM6-DGr,65,1661,Inner Sphere,11733425,Standard,231,TR:3050U,200,RS:3050Uu-I,https://i.ibb.co/k6ySqKN/era03-clan-invasion.png,3058,13,3050,https://i.ibb.co/4PdgF4m/jagermech-rg.png,False,True,1.0,BattleMech,Sniper,BM,3,"8""",0,4,3,0,4,False,4,False,3,False,0,False,0,30,CASE,0,65,late-republic,pg
1355,Ha Otoko  ,,Ha Otoko, ,65,1873,Clan,6458210,Standard,463,TR:J,534,RS:J,https://i.ibb.co/k6ySqKN/era03-clan-invasion.png,3060,13,3050,https://i.ibb.co/XDPGX3F/ha-otoko-3060.png,True,True,1.0,BattleMech,Missile Boat,BM,3,"8""",0,7,5,0,3,False,3,False,3,False,0,False,1,40,"CASE,IF3,LRM3/3/3,OVL",0,65,late-republic,pg
3488,Warhammer WHM-6R,,Warhammer,WHM-6R,70,1299,Inner Sphere,6070983,Introductory,180,TR:3039,510,RSFP:Wave 1,https://i.ibb.co/fr2Wdf0/era01-age-of-war-star-league.png,2515,9,2005,https://i.ibb.co/Mgn3hRd/warhammer-rg.png,True,True,1.0,BattleMech,Brawler,BM,3,"8""",0,5,6,0,3,False,3,False,2,False,0,False,1,32,,0,70,late-republic,pg
81,Archer ARC-5W,,Archer,ARC-5W,70,1337,Inner Sphere,13830973,Standard,539,RGv1,454,RG10,https://i.ibb.co/k6ySqKN/era03-clan-invasion.png,3050,13,3050,https://i.ibb.co/j5VhJJF/archer-rg.png,False,True,1.0,BattleMech,Missile Boat,BM,3,"8""",0,7,3,0,3,False,4,False,3,False,0,False,0,38,"CASE,IF2,LRM1/2/2,SNARC,SRM1/1",0,70,late-republic,pg
1268,Grasshopper GHR-5J,,Grasshopper,GHR-5J,70,1354,Inner Sphere,6339073,Standard,231,TR:3050U,511,RSFP:Wave 2,https://i.ibb.co/k6ySqKN/era03-clan-invasion.png,3049,13,3050,https://i.ibb.co/QXtKnHs/grasshopper-rg.png,True,True,1.0,BattleMech,Skirmisher,BM,3,"8""j",0,7,6,0,3,False,3,False,1,False,0,False,0,36,AMS,0,70,late-republic,pg
83,Archer ARC-6W,,Archer,ARC-6W,70,1405,Inner Sphere,6075573,Standard,436,TR:CI,437,RS:CI,https://i.ibb.co/QjhjKwr/era04-civil-war.png,3067,247,3062,https://i.ibb.co/mCxZLqJ/archer-arc-6w-pp.png,False,True,1.0,BattleMech,Brawler,BM,3,"8""",0,7,6,0,3,False,3,False,0,False,0,False,0,34,"ENE,REAR0*/0*/0*",0,70,late-republic,pg
1267,Grasshopper GHR-5H,,Grasshopper,GHR-5H,70,1427,Inner Sphere,6024573,Introductory,422,TR:SW,511,RSFP:Wave 2,https://i.ibb.co/fr2Wdf0/era01-age-of-war-star-league.png,2780,10,2571,https://i.ibb.co/QXtKnHs/grasshopper-rg.png,True,True,1.0,BattleMech,Skirmisher,BM,3,"8""j",0,7,6,0,3,False,4,False,0,True,0,False,0,37,IF0*,0,70,late-republic,pg
3489,Warhammer WHM-6Rb,,Warhammer,WHM-6Rb,70,1431,Inner Sphere,6603083,Standard,189,TR:3075,228,RS:3075u-AW,https://i.ibb.co/fr2Wdf0/era01-age-of-war-star-league.png,2599,10,2571,https://i.ibb.co/Mgn3hRd/warhammer-rg.png,False,True,1.0,BattleMech,Brawler,BM,3,"8""",0,6,6,0,5,False,4,False,2,False,0,False,0,38,,0,70,late-republic,pg
74,Archer ARC-2R,,Archer,ARC-2R,70,1477,Inner Sphere,6384973,Introductory,180,TR:3039,510,RSFP:Wave 1,https://i.ibb.co/fr2Wdf0/era01-age-of-war-star-league.png,2474,9,2005,https://i.ibb.co/j5VhJJF/archer-rg.png,True,True,1.0,BattleMech,Missile Boat,BM,3,"8""",0,7,6,0,2,False,3,False,3,False,0,False,1,39,"IF2,LRM1/2/2,REAR1/1/-",0,70,late-republic,pg
3492,Warhammer WHM-7M,,Warhammer,WHM-7M,70,1487,Inner Sphere,6694033,Standard,539,RGv1,510,RSFP:Wave 1,https://i.ibb.co/MB09bVm/era02-succession-wars.png,3047,256,3020,https://i.ibb.co/Mgn3hRd/warhammer-rg.png,False,True,1.0,BattleMech,Brawler,BM,3,"8""",0,5,6,0,4,False,4,False,2,False,0,False,0,35,AMS,0,70,late-republic,pg
4232,Grasshopper GHR-5N,,Grasshopper,GHR-5N,70,1511,Inner Sphere,6160573,Introductory,422,TR:SW,423,RS:SW,https://i.ibb.co/MB09bVm/era02-succession-wars.png,3040,256,3020,https://i.ibb.co/QXtKnHs/grasshopper-rg.png,False,True,1.0,BattleMech,Skirmisher,BM,3,"8""j",0,7,6,0,3,False,4,False,1,False,0,False,0,37,ENE,0,70,late-republic,pg
1482,Hercules HRC-LS-9000,,Hercules,HRC-LS-9000,70,1561,Inner Sphere,16411687,Standard,436,TR:CI,437,RS:CI,https://i.ibb.co/k6ySqKN/era03-clan-invasion.png,3054,13,3050,https://i.ibb.co/4VjzZhd/hercules-3055u.png,True,True,1.0,BattleMech,Skirmisher,BM,3,"10""",0,7,3,0,3,False,3,False,2,False,0,False,0,38,"AMS,FLK1/1/1,REAR1/-/-",0,70,late-republic,pg
78,Archer ARC-4M,,Archer,ARC-4M,70,1705,Inner Sphere,7352273,Standard,539,RGv1,454,RG10,https://i.ibb.co/k6ySqKN/era03-clan-invasion.png,3049,13,3050,https://i.ibb.co/j5VhJJF/archer-rg.png,False,True,1.0,BattleMech,Missile Boat,BM,3,"8""",0,7,6,0,3,False,5,False,4,False,0,False,0,44,"CASE,IF2,REAR1/1/-",0,70,late-republic,pg
7730,Archer ARC-4M2,,Archer,ARC-4M2,70,1742,Inner Sphere,7624273,Standard,539,RGv1,454,RG10,https://i.ibb.co/VtCdwyP/era06-republic-dark-age.png,3086,15,3081,https://i.ibb.co/j5VhJJF/archer-rg.png,True,True,1.0,BattleMech,Missile Boat,BM,3,"8""",0,7,6,0,3,False,5,False,4,False,0,False,0,44,"CASE,IF2,REAR1/1/-",0,70,late-republic,pg
2038,Marauder MAD-3R,,Marauder,MAD-3R,75,1363,Inner Sphere,6635125,Introductory,180,TR:3039,510,RSFP:Wave 1,https://i.ibb.co/MB09bVm/era02-succession-wars.png,2819,11,2781,https://i.ibb.co/rps20YY/marauder-rg.png,True,True,1.0,BattleMech,Sniper,BM,3,"8""",0,6,6,0,2,False,3,False,3,False,0,False,1,35,,0,75,late-republic,pg
217,Bandersnatch BNDR-01A,,Bandersnatch,BNDR-01A,75,1478,Inner Sphere,15888250,Standard,463,TR:J,534,RS:J,https://i.ibb.co/k6ySqKN/era03-clan-invasion.png,3052,13,3050,https://i.ibb.co/pr5yzsV/bandersnatch-3055u.png,True,True,1.0,BattleMech,Brawler,BM,3,"8""",0,6,3,0,4,False,5,False,3,False,0,False,0,37,"CASE,FLK1/1/1,IF1,REAR1/1/-",0,75,late-republic,pg
218,Bandersnatch BNDR-01Ar,,Bandersnatch,BNDR-01Ar,75,1522,Inner Sphere,16117938,Standard,202,TR:3085,257,RS:3085u-ONN,https://i.ibb.co/4jf2wfz/era05-jihad.png,3071,14,3068,https://i.ibb.co/pr5yzsV/bandersnatch-3055u.png,False,True,1.0,BattleMech,Brawler,BM,3,"8""",0,6,3,0,4,False,5,False,3,False,0,False,0,39,"CASE,ECM,FLK1/1/1,IF1,REAR0*/0*/-",0,75,late-republic,pg
219,Bandersnatch BNDR-01B,,Bandersnatch,BNDR-01B,75,1630,Inner Sphere,12526500,Standard,463,TR:J,534,RS:J,https://i.ibb.co/QjhjKwr/era04-civil-war.png,3065,247,3062,https://i.ibb.co/pr5yzsV/bandersnatch-3055u.png,False,True,1.0,BattleMech,Brawler,BM,3,"8""",0,7,4,0,3,False,4,False,4,False,0,False,2,40,"CASE,IF1",0,75,late-republic,pg
2338,Orion ON2-M,,Orion,ON2-M,75,1828,Inner Sphere,7735000,Standard,231,TR:3050U,200,RS:3050Uu-I,https://i.ibb.co/QjhjKwr/era04-civil-war.png,3063,247,3062,https://i.ibb.co/qmFjQFg/orion-rg.png,False,True,1.0,BattleMech,Brawler,BM,3,"8""",0,7,6,0,4,False,5,False,3,False,0,False,0,43,"CASE,IF1",0,75,late-republic,pg
559,Charger CGR-1A1,,Charger,CGR-1A1,80,981,Inner Sphere,7520370,Introductory,422,TR:SW,423,RS:SW,https://i.ibb.co/fr2Wdf0/era01-age-of-war-star-league.png,2665,10,2571,https://i.ibb.co/R2Ysksm/charger-rg.png,True,True,1.0,BattleMech,Scout,BM,4,"10""",0,5,6,0,2,False,0,False,0,False,0,False,0,18,ENE,0,80,late-republic,pg
564,Charger CGR-2A2,,Charger,CGR-2A2,80,1109,Inner Sphere,7779120,Standard,231,TR:3050U,200,RS:3050Uu-I,https://i.ibb.co/QjhjKwr/era04-civil-war.png,3064,247,3062,https://i.ibb.co/R2Ysksm/charger-rg.png,False,True,1.0,BattleMech,Scout,BM,4,"10""",0,5,6,0,1,False,1,False,0,True,0,False,0,27,ENE,0,80,late-republic,pg
4273,HawkWolf HWK-3F,,HawkWolf,HWK-3F,80,1349,Primitive,7059000,Experimental,278,XTR:RetroTech,278,XTR:RetroTech,https://i.ibb.co/4jf2wfz/era05-jihad.png,3076,14,3068,https://i.ibb.co/y8GdJpY/hawkwolf-xtr.png,True,True,1.0,BattleMech,Missile Boat,BM,4,"6""",0,6,6,0,2,False,3,False,3,False,0,False,0,36,"CASE,IF2,LRM1/2/2",0,80,late-republic,pg
3409,Victor VTR-9B,,Victor,VTR-9B,80,1378,Inner Sphere,8044320,Introductory,422,TR:SW,511,RSFP:Wave 2,https://i.ibb.co/fr2Wdf0/era01-age-of-war-star-league.png,2510,9,2005,https://i.ibb.co/MM4ZZHL/victor-rg.png,True,True,1.0,BattleMech,Skirmisher,BM,4,"8""j",0,6,6,0,4,False,4,False,0,False,0,False,0,36,AC2/2/-,0,80,late-republic,pg
561,Charger CGR-1A9,,Charger,CGR-1A9,80,1397,Inner Sphere,8021370,Introductory,422,TR:SW,423,RS:SW,https://i.ibb.co/MB09bVm/era02-succession-wars.png,3034,256,3020,https://i.ibb.co/R2Ysksm/charger-rg.png,False,True,1.0,BattleMech,Skirmisher,BM,4,"8""j",0,5,6,0,3,False,4,False,2,False,0,False,0,35,"IF1,LRM1/1/1",0,80,late-republic,pg
1229,Goliath GOL-1H,,Goliath,GOL-1H,80,1449,Inner Sphere,7651200,Introductory,180,TR:3039,241,RS:3039u,https://i.ibb.co/fr2Wdf0/era01-age-of-war-star-league.png,2652,10,2571,https://i.ibb.co/qBWQDxH/goliath-rg.png,True,True,1.0,BattleMech,Sniper,BM,4,"8""",0,8,6,0,2,False,3,False,3,False,0,False,0,39,"IF1,LRM1/1/1",0,80,late-republic,pg
560,Charger CGR-1A5,,Charger,CGR-1A5,80,1468,Inner Sphere,7756770,Introductory,422,TR:SW,423,RS:SW,https://i.ibb.co/MB09bVm/era02-succession-wars.png,3023,256,3020,https://i.ibb.co/R2Ysksm/charger-rg.png,False,True,1.0,BattleMech,Juggernaut,BM,4,"8""",0,8,6,0,4,False,3,False,0,False,0,False,1,38,"AC2/2/-,SRM1/1",0,80,late-republic,pg
1230,Goliath GOL-2H,,Goliath,GOL-2H,80,1583,Inner Sphere,8029200,Standard,463,TR:J,534,RS:J,https://i.ibb.co/QjhjKwr/era04-civil-war.png,3067,247,3062,https://i.ibb.co/VvXLZ3H/goliath-2h-pp.png,False,True,1.0,BattleMech,Sniper,BM,4,"8""",0,8,6,0,2,False,3,False,3,False,0,False,0,39,"IF1,LRM1/1/1",0,80,late-republic,pg
3413,Victor VTR-9Ka,,Victor,VTR-9Ka,80,1594,Inner Sphere,9576120,Standard,231,TR:3050U,257,RS:3085u-ONN,https://i.ibb.co/4jf2wfz/era05-jihad.png,3076,14,3068,https://i.ibb.co/MM4ZZHL/victor-rg.png,False,True,1.0,BattleMech,Skirmisher,BM,4,"8""/10""j",0,7,6,0,3,False,3,False,0,False,0,False,0,37,"AC2/2/-,CASE,JMPS1",0,80,late-republic,pg
174,Awesome AWS-8Q,,Awesome,AWS-8Q,80,1605,Inner Sphere,6598170,Introductory,422,TR:SW,510,RSFP:Wave 1,https://i.ibb.co/fr2Wdf0/era01-age-of-war-star-league.png,2665,10,2571,https://i.ibb.co/LR026VX/awesome-rg.png,True,True,1.0,BattleMech,Sniper,BM,4,"6""",0,8,6,0,3,False,3,False,3,False,0,False,0,39,ENE,0,80,late-republic,pg
3644,Zeus ZEU-9S,,Zeus,ZEU-9S,80,1639,Inner Sphere,8614200,Standard,231,TR:3050U,511,RSFP:Wave 2,https://i.ibb.co/MB09bVm/era02-succession-wars.png,3048,256,3020,https://i.ibb.co/GRNM37R/zeus-rg.png,False,True,1.0,BattleMech,Sniper,BM,4,"8""",0,7,6,0,3,False,4,False,3,False,0,False,0,40,"CASE,IF1,REAR1/1/-",0,80,late-republic,pg
1237,Goliath GOL-6H,,Goliath,GOL-6H,80,1676,Inner Sphere,14145750,Standard,202,TR:3085,266,RS:3085u-PP,https://i.ibb.co/4jf2wfz/era05-jihad.png,3071,14,3068,https://i.ibb.co/qBWQDxH/goliath-rg.png,False,True,1.0,BattleMech,Sniper,BM,4,"8""",0,8,4,0,3,False,4,False,3,False,0,False,0,40,"CASE,IF1,LRM1/1/1",0,80,late-republic,pg
3411,Victor VTR-9K,,Victor,VTR-9K,80,1717,Inner Sphere,8512320,Standard,231,TR:3050U,511,RSFP:Wave 2,https://i.ibb.co/k6ySqKN/era03-clan-invasion.png,3049,13,3050,https://i.ibb.co/MM4ZZHL/victor-rg.png,True,True,1.0,BattleMech,Skirmisher,BM,4,"8""j",0,7,6,0,4,False,4,False,2,False,0,False,0,40,CASE,0,80,late-republic,pg
178,Awesome AWS-9M,,Awesome,AWS-9M,80,1812,Inner Sphere,18090120,Standard,231,TR:3050U,510,RSFP:Wave 1,https://i.ibb.co/k6ySqKN/era03-clan-invasion.png,3049,13,3050,https://i.ibb.co/LR026VX/awesome-rg.png,True,True,1.0,BattleMech,Brawler,BM,4,"8""",0,8,4,0,4,False,4,False,3,False,0,False,1,41,,0,80,late-republic,pg
179,Awesome AWS-9Q,,Awesome,AWS-9Q,80,1875,Inner Sphere,7456050,Standard,231,TR:3050U,200,RS:3050Uu-I,https://i.ibb.co/k6ySqKN/era03-clan-invasion.png,3057,13,3050,https://i.ibb.co/LR026VX/awesome-rg.png,False,True,1.0,BattleMech,Sniper,BM,4,"6""",0,8,6,0,4,False,4,False,4,False,0,False,0,45,"ECM,ENE",0,80,late-republic,pg
1930,Longbow LGB-0W,,Longbow,LGB-0W,85,1337,Inner Sphere,8647671,Introductory,180,TR:3039,511,RSFP:Wave 2,https://i.ibb.co/fr2Wdf0/era01-age-of-war-star-league.png,2529,9,2005,https://i.ibb.co/x6pd5tC/longbow-rg.png,True,True,1.0,BattleMech,Missile Boat,BM,4,"8""",0,5,7,0,2,False,3,False,3,False,0,False,0,36,"IF3,LRM1/3/3",0,85,late-republic,pg
1933,Longbow LGB-13C,,Longbow,LGB-13C,85,1397,Inner Sphere,21293346,Standard,178,BattleCorps,266,RS:3085u-PP,https://i.ibb.co/4jf2wfz/era05-jihad.png,3070,14,3068,https://i.ibb.co/q9h8mDQ/longbow-3085.png,False,True,1.0,BattleMech,Missile Boat,BM,4,"8""",0,7,4,0,7,False,6,False,4,False,0,False,1,49,"CASE,IF2",0,85,late-republic,pg
8331,Longbow LGB-0W2,,Longbow,LGB-0W2,85,1410,Inner Sphere,0,Introductory,539,RGv1,490,RG20,https://i.ibb.co/fr2Wdf0/era01-age-of-war-star-league.png,2531,9,2005,https://i.ibb.co/x6pd5tC/longbow-rg.png,False,True,1.0,BattleMech,Missile Boat,BM,4,"8""",0,6,7,0,2,False,3,False,3,False,0,False,0,38,"IF3,LRM1/3/3",0,85,late-republic,pg
1935,Longbow LGB-14C,,Longbow,LGB-14C,85,1421,Inner Sphere,16567675,Standard,178,BattleCorps,266,RS:3085u-PP,https://i.ibb.co/4jf2wfz/era05-jihad.png,3070,14,3068,https://i.ibb.co/q9h8mDQ/longbow-3085.png,False,True,1.0,BattleMech,Missile Boat,BM,4,"6""",0,7,4,0,4,False,3,False,3,False,0,False,3,40,"CASE,IF2,LRM-/1/2,SRM3/1",0,85,late-republic,pg
3035,Stalker STK-3F,,Stalker,STK-3F,85,1559,Inner Sphere,7463825,Introductory,422,TR:SW,511,RSFP:Wave 2,https://i.ibb.co/fr2Wdf0/era01-age-of-war-star-league.png,2594,10,2571,https://i.ibb.co/ZW0cxS6/stalker-rg.png,True,True,1.0,BattleMech,Juggernaut,BM,4,"6""",0,7,7,0,3,False,4,False,2,False,0,False,3,42,IF1,0,85,late-republic,pg
287,BattleMaster BLR-1Gc,,BattleMaster,BLR-1Gc,85,1577,Inner Sphere,9564993,Advanced,189,TR:3075,228,RS:3075u-AW,https://i.ibb.co/fr2Wdf0/era01-age-of-war-star-league.png,2763,10,2571,https://i.ibb.co/Jy1FLdL/battlemaster-rg.png,False,True,1.0,BattleMech,Brawler,BM,4,"8""",0,8,7,0,4,False,4,False,1,False,0,False,0,43,"MHQ1,REAR1/1/-",0,85,late-republic,pg
1936,Longbow LGB-7Q,,Longbow,LGB-7Q,85,1618,Inner Sphere,7408325,Introductory,240,TR:3058U,511,RSFP:Wave 2,https://i.ibb.co/fr2Wdf0/era01-age-of-war-star-league.png,2610,10,2571,https://i.ibb.co/x6pd5tC/longbow-rg.png,True,True,1.0,BattleMech,Missile Boat,BM,4,"6""",0,8,7,0,3,False,4,False,3,False,0,False,0,45,"IF3,LRM2/3/3",0,85,late-republic,pg
3038,Stalker STK-3H,,Stalker,STK-3H,85,1624,Inner Sphere,7648825,Introductory,422,TR:SW,423,RS:SW,https://i.ibb.co/fr2Wdf0/era01-age-of-war-star-league.png,2638,10,2571,https://i.ibb.co/ZW0cxS6/stalker-rg.png,False,True,1.0,BattleMech,Missile Boat,BM,4,"6""",0,7,7,0,3,False,4,False,2,False,0,False,2,42,"IF2,LRM1/1/2,SRM1/1",0,85,late-republic,pg
8332,Longbow LGB-8C,,Longbow,LGB-8C,85,1653,Inner Sphere,0,Introductory,539,RGv1,490,RG20,https://i.ibb.co/fr2Wdf0/era01-age-of-war-star-league.png,2615,10,2571,https://i.ibb.co/x6pd5tC/longbow-rg.png,False,True,1.0,BattleMech,Missile Boat,BM,4,"6""",0,8,7,0,3,False,4,False,3,False,0,False,0,45,"IF3,LRM2/3/3,REAR1/1/-",0,85,late-republic,pg
291,BattleMaster BLR-3M,,BattleMaster,BLR-3M,85,1679,Inner Sphere,8939693,Standard,539,RGv1,510,RSFP:Wave 1,https://i.ibb.co/k6ySqKN/era03-clan-invasion.png,3049,13,3050,https://i.ibb.co/Jy1FLdL/battlemaster-rg.png,False,True,1.0,BattleMech,Brawler,BM,4,"8""",0,8,7,0,4,False,4,False,1,False,0,False,0,42,"CASE,REAR1/1/-",0,85,late-republic,pg
8347,Longbow LGB-14Q,,Longbow,LGB-14Q,85,1828,Inner Sphere,0,Standard,539,RGv1,490,RG20,https://i.ibb.co/VtCdwyP/era06-republic-dark-age.png,3103,254,3101,https://i.ibb.co/x6pd5tC/longbow-rg.png,False,True,1.0,BattleMech,Missile Boat,BM,4,"8""",0,9,4,0,4,False,4,False,3,False,0,False,1,46,"CASEII,IF3,LRM1/3/3,REAR1/1/-",0,85,late-republic,pg
8333,Longbow LGB-10C,,Longbow,LGB-10C,85,1898,Inner Sphere,0,Standard,539,RGv1,490,RG20,https://i.ibb.co/k6ySqKN/era03-clan-invasion.png,3061,13,3050,https://i.ibb.co/x6pd5tC/longbow-rg.png,True,True,1.0,BattleMech,Missile Boat,BM,4,"6""",0,8,7,0,3,False,5,False,4,False,0,False,0,48,"CASE,IF3,REAR1/1/-",0,85,late-republic,pg
772,Cyclops CP-10-Z,,Cyclops,CP-10-Z,90,1317,Inner Sphere,9217660,Introductory,422,TR:SW,511,RSFP:Wave 2,https://i.ibb.co/fr2Wdf0/era01-age-of-war-star-league.png,2710,10,2571,https://i.ibb.co/dG1cSG6/cyclops-rg.png,True,True,1.0,BattleMech,Juggernaut,BM,4,"8""",0,5,7,0,3,False,3,False,1,False,0,False,2,34,"AC1/1/-,IF1",0,90,late-republic,pg
779,Cyclops CP-11-H,,Cyclops,CP-11-H,90,1525,Inner Sphere,9698360,Standard,231,TR:3050U,200,RS:3050Uu-I,https://i.ibb.co/QjhjKwr/era04-civil-war.png,3064,247,3062,https://i.ibb.co/dG1cSG6/cyclops-rg.png,False,True,1.0,BattleMech,Juggernaut,BM,4,"8""",0,7,7,0,4,False,4,False,0,False,0,False,0,38,AC2/2/-,0,90,late-republic,pg
773,Cyclops CP-11-A,,Cyclops,CP-11-A,90,1547,Inner Sphere,9274660,Standard,422,TR:SW,511,RSFP:Wave 2,https://i.ibb.co/MB09bVm/era02-succession-wars.png,3045,256,3020,https://i.ibb.co/dG1cSG6/cyclops-rg.png,False,True,1.0,BattleMech,Sniper,BM,4,"8""",0,5,7,0,4,False,4,False,3,False,0,False,0,38,IF1,0,90,late-republic,pg
771,Cyclops CP-10-Q,,Cyclops,CP-10-Q,90,1584,Inner Sphere,9149260,Introductory,422,TR:SW,423,RS:SW,https://i.ibb.co/MB09bVm/era02-succession-wars.png,2801,11,2781,https://i.ibb.co/dG1cSG6/cyclops-rg.png,False,True,1.0,BattleMech,Missile Boat,BM,4,"8""",0,9,7,0,3,False,3,False,2,False,0,False,1,44,"IF1,LRM1/1/1",0,90,late-republic,pg
778,Cyclops CP-11-G,,Cyclops,CP-11-G,90,1981,Inner Sphere,10275960,Standard,231,TR:3050U,200,RS:3050Uu-I,https://i.ibb.co/k6ySqKN/era03-clan-invasion.png,3058,13,3050,https://i.ibb.co/dG1cSG6/cyclops-rg.png,False,True,1.0,BattleMech,Sniper,BM,4,"8""",0,9,7,0,4,False,4,False,3,False,0,False,0,47,"CASE,IF1",0,90,late-republic,pg
7733,Highlander HGN-740,,Highlander,HGN-740,90,2232,Inner Sphere,9895580,Standard,454,RG10,529,RSFP:NWH,https://i.ibb.co/VtCdwyP/era06-republic-dark-age.png,3115,254,3101,https://i.ibb.co/Nr9LwY8/highlander-rg.png,True,True,1.0,BattleMech,Sniper,BM,4,"6""j",0,9,7,0,4,False,5,False,3,False,0,False,0,49,"CASEII,IF1",0,90,late-republic,pg
240,Banshee BNC-3E,,Banshee,BNC-3E,95,1422,Inner Sphere,9530852,Introductory,422,TR:SW,511,RSFP:Wave 2,https://i.ibb.co/fr2Wdf0/era01-age-of-war-star-league.png,2475,9,2005,https://i.ibb.co/GT7VY78/banshee-rg.png,False,True,1.0,BattleMech,Sniper,BM,4,"8""",0,8,8,0,2,False,2,False,2,False,0,False,0,38,,0,95,late-republic,pg
241,Banshee BNC-3M,,Banshee,BNC-3M,95,1595,Inner Sphere,9824327,Introductory,422,TR:SW,423,RS:SW,https://i.ibb.co/fr2Wdf0/era01-age-of-war-star-league.png,2579,10,2571,https://i.ibb.co/GT7VY78/banshee-rg.png,False,True,1.0,BattleMech,Brawler,BM,4,"8""",0,8,8,0,2,False,2,False,2,False,0,False,1,39,ENE,0,95,late-republic,pg
245,Banshee BNC-3S,,Banshee,BNC-3S,95,1751,Inner Sphere,8870745,Introductory,422,TR:SW,526,RSFP:ELH,https://i.ibb.co/MB09bVm/era02-succession-wars.png,3026,256,3020,https://i.ibb.co/GT7VY78/banshee-rg.png,True,True,1.0,BattleMech,Juggernaut,BM,4,"6""",0,8,8,0,4,False,4,False,2,False,0,False,2,45,,0,95,late-republic,pg
528,Cerberus MR-V2,,Cerberus,MR-V2,95,2001,Inner Sphere,25182625,Standard,436,TR:CI,437,RS:CI,https://i.ibb.co/k6ySqKN/era03-clan-invasion.png,3054,13,3050,https://i.ibb.co/8BRmWHf/cerberus-3055u.png,True,True,1.0,BattleMech,Brawler,BM,4,"8""",0,7,4,0,6,False,6,False,3,False,0,False,0,45,"AMS,REAR0*/-/-",0,95,late-republic,pg
3603,Xanthos XNT-2O,,Xanthos,XNT-2O,100,1300,Primitive,9445000,Advanced,379,XTR:Primitives IV,379,XTR:Primitives IV,https://i.ibb.co/fr2Wdf0/era01-age-of-war-star-league.png,2564,9,2005,https://i.ibb.co/xz8j0Cp/xanthos-prim.png,True,True,1.0,BattleMech,Juggernaut,BM,4,"6""",0,5,8,0,4,False,4,False,0,False,0,False,0,35,"AC1/1/-,REAR0*/-/-",0,100,late-republic,pg
140,Atlas AS7-D,,Atlas,AS7-D,100,1897,Inner Sphere,9626000,Introductory,422,TR:SW,511,RSFP:Wave 2,https://i.ibb.co/fr2Wdf0/era01-age-of-war-star-league.png,2755,10,2571,https://i.ibb.co/VtHKQ7Q/atlas-rg.png,True,True,1.0,BattleMech,Juggernaut,BM,4,"6""",0,10,8,0,5,False,5,False,2,False,0,False,0,52,"AC2/2/-,IF1,LRM1/1/1,REAR1/1/-",0,100,late-republic,pg
148,Atlas AS7-S,,Atlas,AS7-S,100,1929,Inner Sphere,9954000,Standard,231,TR:3050U,200,RS:3050Uu-I,https://i.ibb.co/k6ySqKN/era03-clan-invasion.png,3050,13,3050,https://i.ibb.co/VtHKQ7Q/atlas-rg.png,False,True,1.0,BattleMech,Juggernaut,BM,4,"6""",0,10,8,0,5,False,5,False,2,False,0,False,0,52,"AC2/2/-,IF1,LRM1/1/1,REAR2/2/-",0,100,late-republic,pg
143,Atlas AS7-Dr,,Atlas,AS7-Dr,100,2101,Inner Sphere,10528000,Standard,514,TR:DA,535,RS:DA,https://i.ibb.co/4jf2wfz/era05-jihad.png,3070,14,3068,https://i.ibb.co/VtHKQ7Q/atlas-rg.png,False,True,1.0,BattleMech,Juggernaut,BM,4,"6""",0,10,8,0,3,False,4,False,3,False,0,False,1,55,"C3S,ECM,IF1,LRM1/1/1,MHQ1,REAR1/1/-",0,100,late-republic,pg
145,Atlas AS7-K2,,Atlas,AS7-K2,100,2160,Inner Sphere,28801333,Standard,514,TR:DA,535,RS:DA,https://i.ibb.co/VtCdwyP/era06-republic-dark-age.png,3082,15,3081,https://i.ibb.co/8PHW0qS/atlas-3085.png,True,True,1.0,BattleMech,Sniper,BM,4,"8""",0,10,4,0,4,False,4,False,2,False,0,False,2,48,"CASE,ECM,OVL",0,100,late-republic,pg
144,Atlas AS7-K,,Atlas,AS7-K,100,2175,Inner Sphere,22576000,Standard,231,TR:3050U,511,RSFP:Wave 2,https://i.ibb.co/k6ySqKN/era03-clan-invasion.png,3049,13,3050,https://i.ibb.co/VtHKQ7Q/atlas-rg.png,True,True,1.0,BattleMech,Sniper,BM,4,"6""",0,10,4,0,3,False,3,False,3,False,0,False,2,45,"AMS,CASE,IF1,OVL,REAR1/1/-",0,100,late-republic,pg
1773,King Crab KGC-001,,King Crab,KGC-001,100,2221,Inner Sphere,22628000,Standard,231,TR:3050U,194,RS:3050Uu-C,https://i.ibb.co/k6ySqKN/era03-clan-invasion.png,3052,13,3050,https://i.ibb.co/5rQwn1f/king-crab-rg.png,True,True,1.0,BattleMech,Juggernaut,BM,4,"6""",0,10,4,0,4,False,4,False,4,False,0,False,2,48,"CASE,IF1",0,100,late-republic,pg
